	brand_name	store_name
0	ユニクロ	ユニクロ　長尾山、再度公園）
1	ユニクロ	ＵＮＩＱＬＯ　向が丘東
2	ユニクロ	ユニクロ　名駅ＪＲゲートタワー（１階）
3	ユニクロ	ユニクロ／ジーユー　オンライン　宝坂屋敷
4	ユニクロ	ユニクロ　ジーユー　オンライン　マチ
5	ユニクロ	ユニクロ　ミナミカタマチミネマエ
6	ユニクロ	ユニクロ　キダ
7	ユニクロ	ユニクロ　東新橋電通本社ビル（９階）
8	ユニクロ	ユニクロ　上鳥渡
9	ユニクロ	ユニクロ　クワダチョウ
10	ユニクロ	ユニクロ　ゴゼンバチョウ
11	ユニクロ	ユニクロ　篠木綾織
12	ユニクロ	ユニクロ　矢島町木在
13	ユニクロ	ユニクロ　岩屋
14	ユニクロ	ユニクロ　イデンチョウ
15	ユニクロ	ユニクロ　キタヤマ
16	ユニクロ	ユニクロ　宮の郷
17	ユニクロ	ユニクロ　キソマチ
18	ユニクロ	ＵＮＩＱＬＯ　谷戸町
19	ユニクロ	ユニクロ　伊達町
20	ユニクロ	ユニクロ　末成町
21	ユニクロ	ユニクロ　ヤマカワオイワケ
22	ユニクロ	ユニクロ／ジーユー　オンライン　一迫岡田
23	ユニクロ	ＵＮＩＱＬＯ／ＧＵ　ＯＮＬＩＮＥ　東池袋サンシャイン６０（３２階
24	ユニクロ	ＵＮＩＱＬＯ　大沢新道
25	ユニクロ	ユニクロ　コウノカワチョウ
26	ユニクロ	ユニクロ　東浜
27	ユニクロ	ユニクロ　ニマチョウニマ
28	ユニクロ	ユニクロ　キタゴウ
29	ユニクロ	ユニクロ　キタウラ
30	ユニクロ	ＵＮＩＱＬＯ　丸穂町（丁目）
31	ユニクロ	ユニクロ　旭が丘
32	ユニクロ	ユニクロ　ジーユー　オンライン　ミツヤチョウ
33	ユニクロ	ユニクロ　豊田前町麻生上
34	ユニクロ	ユニクロ　スカヅ
35	ユニクロ	ユニクロ　川中島町上氷鉋
36	ユニクロ	ユニクロ　滝又町
37	ユニクロ	ユニクロ／ジーユー　オンライン　飯山町西坂元
38	ユニクロ	ユニクロ　布沼
39	ユニクロ	ユニクロ　広路町
40	ユニクロ	ユニクロ　小国
41	ユニクロ	ユニクロ　ジーユー　オンライン　コウナミ
42	ユニクロ	ユニクロ　マツドチョウ
43	ユニクロ	ユニクロ　アリモト
44	ユニクロ	ユニクロ　アカメチョウスミレガオカ
45	ユニクロ	ユニクロ　クリコマフカヤ
46	ユニクロ	ユニクロ　シブヤシブヤスクランブルスクエア（２０カ
47	ユニクロ	ユニクロ／ジーユー　オンライン　仁方町（蕨谷）
48	ユニクロ	ユニクロ　ジーユー　オンライン　スナマチ
49	ユニクロ	ユニクロ　木野新町
50	ユニクロ	ユニクロ　高橋
51	ユニクロ	ユニクロ　中河原
52	ユニクロ	ユニクロ　ホソミ
53	ユニクロ	ユニクロ　キヨベ
54	ユニクロ	ユニクロ　ニシガタ
55	ユニクロ	ユニクロ　シモオオヅツミ
56	ユニクロ	ユニクロ　遊子
57	ユニクロ	ユニクロ　三ヶ日町鵺代
58	ユニクロ	ユニクロ　五個荘和田町
59	ユニクロ	ユニクロ　コエトイムラ（カワニシ）
60	ユニクロ	ユニクロ　園生町
61	ユニクロ	ユニクロ　ゼミョウ
62	ユニクロ	ＵＮＩＱＬＯ／ＧＵ　ＯＮＬＩＮＥ　吉祥院九条町
63	ユニクロ	ユニクロ　ニノミヤチョウカムラ
64	ユニクロ	ユニクロ　スワマエ
65	ユニクロ	ユニクロ　ミズハシイケダタチ
66	ユニクロ	ユニクロ　ジーユー　オンライン　ヤカタマチ
67	ユニクロ	ユニクロ　フカクサオオカメダニナイゼンチョウ
68	ユニクロ	ユニクロ　フカクサムカイガハラチョウ
69	ユニクロ	ＵＮＩＱＬＯ　中央アエル（２８階）
70	ユニクロ	ユニクロ　シンサカエマチ
71	ユニクロ	ユニクロ　ソトガワ
72	ユニクロ	ユニクロ　霞が関霞が関ビル（３１階）
73	ユニクロ	ユニクロ　湯布院町中川
74	ユニクロ	ユニクロ　モトマチ
75	ユニクロ	ＵＮＩＱＬＯ　ＧＵ　ＯＮＬＩＮＥ　手賀野
76	ユニクロ	ユニクロ　野幌美幸町
77	ユニクロ	ユニクロ　カミコヤチョウ
78	ユニクロ	ＵＮＩＱＬＯ　ＧＵ　ＯＮＬＩＮＥ　羽拍子町
79	ユニクロ	ユニクロ　腰越
80	ユニクロ	ユニクロ　オオサワシンミチ
81	ユニクロ	ユニクロ　山ノ内
82	ユニクロ	ユニクロ　ツツミマチ
83	ユニクロ	ユニクロ　西赤江町
84	ユニクロ	ユニクロ　ナガサワ
85	ユニクロ	ユニクロ　安養寺
86	ユニクロ	ＵＮＩＱＬＯ／ＧＵ　ＯＮＬＩＮＥ　朝日ケ丘町
87	ユニクロ	ユニクロ　オオシマクミネ
88	ユニクロ	ユニクロ　甲佐平
89	ユニクロ	ユニクロ　ワミ
90	ユニクロ	ユニクロ　田舎舘
91	ユニクロ	ユニクロ　日白町
92	ユニクロ	ユニクロ　オオミヤ
93	ユニクロ	ＵＮＩＱＬＯ　揖保町揖保中
94	ユニクロ	ユニクロ　ベッポヒガシ
95	ユニクロ	ＵＮＩＱＬＯ　池田
96	ユニクロ	ユニクロ／ジーユー　オンライン　萩原
97	ユニクロ	ＵＮＩＱＬＯ　郡家本町
98	ユニクロ	ユニクロ　ワカミヤチョウ
99	ユニクロ	ユニクロ　穴田
100	ユニクロ	ユニクロ　東二十三条南
101	ユニクロ	ユニクロ　エビスエビスガーデンプレイス（３８カイ）
102	ユニクロ	ユニクロ　フジノ５ジョウ
103	ユニクロ	ユニクロ　栗林
104	ユニクロ	ユニクロ／ジーユー　オンライン　田所町
105	ユニクロ	ユニクロ　イッサイチョウコイヌマル
106	ユニクロ	ユニクロ　ジーユー　オンライン　カグチウラ
107	ユニクロ	ユニクロ　八尺鏡野
108	ユニクロ	ユニクロ　欠入下
109	ユニクロ	ユニクロ　蕪木町
110	ユニクロ	ユニクロ　安久津
111	ユニクロ	ユニクロ　留辺蘂町花丘
112	ユニクロ	ユニクロ　日の出
113	ユニクロ	ＵＮＩＱＬＯ　ＧＵ　ＯＮＬＩＮＥ　相川
114	ユニクロ	ユニクロ　ワキダチョウ
115	ユニクロ	ユニクロ　オオヤチョウカドノ
116	ユニクロ	ＵＮＩＱＬＯ／ＧＵ　ＯＮＬＩＮＥ　日の出町
117	ユニクロ	ユニクロ　カキザキクタケガハナ
118	ユニクロ	ユニクロ　津田町鶴羽
119	ユニクロ	ユニクロ　ナガタダイ
120	ユニクロ	ユニクロ　久美浜町新町
121	ユニクロ	ＵＮＩＱＬＯ　ＧＵ　ＯＮＬＩＮＥ　大塚高岩
122	ユニクロ	ユニクロ　仮屋
123	ユニクロ	ユニクロ　ハグロマチコマスガワ
124	ユニクロ	ユニクロ　カワグチ
125	ユニクロ	ユニクロ　ハトヤマチョウ
126	ユニクロ	ＵＮＩＱＬＯ　ＧＵ　ＯＮＬＩＮＥ　中津川
127	ユニクロ	ユニクロ　ジーユー　オンライン　ウエノマチ
128	ユニクロ	ユニクロ　八幡町
129	ユニクロ	ユニクロ　本丸
130	ユニクロ	ユニクロ　ウチバマチョウ
131	ユニクロ	ユニクロ　相模大野
132	ユニクロ	ユニクロ　西青木
133	ユニクロ	ユニクロ　コワモリカミヒラタ
134	ユニクロ	ユニクロ　アタゴチョウ
135	ユニクロ	ユニクロ　三島紙屋町
136	ユニクロ	ユニクロ　オットミナミ
137	ユニクロ	ユニクロ　魚屋町
138	ユニクロ	ユニクロ　ジーユー　オンライン　チュウオウ
139	ユニクロ	ユニクロ　青蓮寺
140	ユニクロ	ユニクロ　南安倍（３丁目）
141	ユニクロ	ユニクロ　真加部
142	ユニクロ	ユニクロ　聖天町
143	ユニクロ	ユニクロ　朝日町万石
144	ユニクロ	ユニクロ　クリサワチョウユラ
145	ユニクロ	ユニクロ　大三島町大見
146	ユニクロ	ユニクロ　夢前町杉之内
147	ユニクロ	ＵＮＩＱＬＯ　ＧＵ　ＯＮＬＩＮＥ　大川町駒鳴
148	ユニクロ	ＵＮＩＱＬＯ　駅前町
149	ユニクロ	ユニクロ　塔ノ沢山
150	ユニクロ	ＵＮＩＱＬＯ　浜川
151	ユニクロ	ユニクロ　下舘野
152	ユニクロ	ユニクロ　ウチコ
153	ユニクロ	ユニクロ　ミスミチョウ
154	ユニクロ	ユニクロ　宇喜田町
155	ユニクロ	ユニクロ　御津町上佐脇松下
156	ユニクロ	ＵＮＩＱＬＯ　本野町
157	ユニクロ	ユニクロ　ネサキチョウ
158	ユニクロ	ユニクロ　ヒジカワチョウヨコハヤシ
159	ユニクロ	ユニクロ　ヨコテミナミマチ
160	ユニクロ	ユニクロ　泉西原町
161	ユニクロ	ユニクロ　本町
162	ユニクロ	ユニクロ　ニシシンジュクシンジュクセンタービル（８カイ）
163	ユニクロ	ユニクロ　三角町波多
164	ユニクロ	ユニクロ　ダイニゴリサワ
165	ユニクロ	ユニクロ　二ツ橋町
166	ユニクロ	ユニクロ　茶内東３線
167	ユニクロ	ユニクロ／ジーユー　オンライン　新町
168	ユニクロ	ユニクロ　小丹生町
169	ユニクロ	ユニクロ／ジーユー　オンライン　外側
170	ユニクロ	ユニクロ　ヤチマタニ
171	ユニクロ	ユニクロ　マエサワタケザワ
172	ユニクロ	ユニクロ　イワカミチョウ
173	ユニクロ	ユニクロ　東新橋汐留シティセンター（２８階）
174	ユニクロ	ユニクロ　ミナミ１ジョウ
175	ユニクロ	ユニクロ　西北小路町（猪熊通上立売上る、猪熊通寺之内下る、大
176	ユニクロ	ユニクロ　アラヤシキ
177	ユニクロ	ユニクロ　町島田
178	ユニクロ	ＵＮＩＱＬＯ　船寺通
179	ユニクロ	ユニクロ　シモナカヤマ
180	ユニクロ	ユニクロ　美利河
181	ユニクロ	ユニクロ　柿迫
182	ユニクロ	ユニクロ　トダシノマチ
183	ユニクロ	ユニクロ　オオマチ
184	ユニクロ	ユニクロ　西堂
185	ユニクロ	ユニクロ　トノマチ
186	ユニクロ	ユニクロ　ツボイチョウ
187	ユニクロ	ユニクロ　コウザシマチクロカワ
188	ユニクロ	ユニクロ　新田
189	ユニクロ	ＵＮＩＱＬＯ　下中町
190	ユニクロ	ユニクロ　鍋島
191	ユニクロ	ユニクロ　カミサツマゼマチ
192	ユニクロ	ユニクロ　阿部
193	ユニクロ	ユニクロ　前野町
194	ユニクロ	ユニクロ　御津町豊沢引釣
195	ユニクロ	ユニクロ　カミウカイ
196	ユニクロ	ユニクロ　南濃町早瀬
197	ユニクロ	ユニクロ　ナガイシ
198	ユニクロ	ユニクロ　カシヤマチョウ
199	ユニクロ	ユニクロ／ジーユー　オンライン　陶栄町
200	ユニクロ	ユニクロ　柿崎区竹鼻
201	ユニクロ	ユニクロ　緑ヶ丘中町
202	ユニクロ	ユニクロ　ヒラタナカマチ
203	ユニクロ	ＵＮＩＱＬＯ　虎ノ門神谷町トラストタワー（１２階）
204	ユニクロ	ユニクロ　境林
205	ユニクロ	ユニクロ　平田中町
206	ユニクロ	ユニクロ　福島
207	ユニクロ	ユニクロ　砂場
208	ユニクロ	ユニクロ　漆島
209	ユニクロ	ユニクロ　コクガ
210	ユニクロ	ユニクロ　ジーユー　オンライン　ババヤマミドリ
211	ユニクロ	ＵＮＩＱＬＯ　三井楽町丑ノ浦
212	ユニクロ	ＵＮＩＱＬＯ　野田町
213	ユニクロ	ユニクロ　ホサカチョウ
214	ユニクロ	ユニクロ　キタ６ジョウヒガシ
215	ユニクロ	ユニクロ　平沼
216	ユニクロ	ユニクロ　カワイチョウカワイ
217	ユニクロ	ユニクロ　泉本町
218	ユニクロ	ユニクロ　カミサミ
219	ユニクロ	ユニクロ　西野
220	ユニクロ	ユニクロ　ミズハシカミマトバ
221	ユニクロ	ユニクロ　ジシキマチ
222	ユニクロ	ＵＮＩＱＬＯ／ＧＵ　ＯＮＬＩＮＥ　甲賀町滝
223	ユニクロ	ＵＮＩＱＬＯ　ＧＵ　ＯＮＬＩＮＥ　中村東町
224	ユニクロ	ユニクロ　永田台
225	ユニクロ	ユニクロ　ジーユー　オンライン　ヒガシヒラジマ
226	ユニクロ	ＵＮＩＱＬＯ　與井
227	ユニクロ	ユニクロ　天満町
228	ユニクロ	ユニクロ　ナンゴウイチノサワ
229	ユニクロ	ＵＮＩＱＬＯ　ＧＵ　ＯＮＬＩＮＥ　本郷前川原
230	ユニクロ	ユニクロ　芳野
231	ユニクロ	ユニクロ　キタマチ
232	ユニクロ	ユニクロ　ヤマグチチョウ
233	ユニクロ	ユニクロ　揚町
234	ユニクロ	ユニクロ　名駅大名古屋ビルヂング（２４階）
235	ユニクロ	ユニクロ　コマツ
236	ユニクロ	ユニクロ　ナルコオンセンフルトマエ
237	ユニクロ	ユニクロ／ジーユー　オンライン　防原町
238	ユニクロ	ユニクロ　共成
239	ユニクロ	ユニクロ　浦山新
240	ユニクロ	ユニクロ　モトミヤナカノ
241	ユニクロ	ユニクロ　ミルマチ
242	ユニクロ	ユニクロ　イナバヒヅメ
243	ユニクロ	ユニクロ　小南
244	ユニクロ	ユニクロ　西が丘
245	ユニクロ	ユニクロ　公文
246	ユニクロ	ユニクロ　マツヤマチスミヨシ
247	ユニクロ	ユニクロ／ジーユー　オンライン　魚屋町
248	ユニクロ	ユニクロ　ババヤマミドリ
249	ユニクロ	ユニクロ　船谷
250	ユニクロ	ユニクロ　イホタ（ナサケジマ）
251	ユニクロ	ユニクロ　ジーユー　オンライン　カミガモタカナワテチョウ
252	ユニクロ	ユニクロ　西浅井町八田部
253	ユニクロ	ＵＮＩＱＬＯ　上の原
254	ユニクロ	ユニクロ　オクシラカタ
255	ユニクロ	ユニクロ　オウタキムライチエン
256	ユニクロ	ユニクロ　下油掛町
257	ユニクロ	ユニクロ　福沢町
258	ユニクロ	ユニクロ　カミハッチョウ
259	ユニクロ	ＵＮＩＱＬＯ　ＧＵ　ＯＮＬＩＮＥ　福吉
260	ユニクロ	ユニクロ　オオテラ
261	ユニクロ	ユニクロ／ジーユー　オンライン　沼返
262	ユニクロ	ユニクロ　北大路
263	ユニクロ	ユニクロ　福浜西町
264	ユニクロ	ユニクロ　新貝町
265	ユニクロ	ユニクロ　福長町
266	ユニクロ	ＵＮＩＱＬＯ　ＧＵ　ＯＮＬＩＮＥ　山岡町下手向
267	ユニクロ	ユニクロ　リョウセンジ
268	ユニクロ	ユニクロ　ミドリチョウ
269	ユニクロ	ＵＮＩＱＬＯ　ＧＵ　ＯＮＬＩＮＥ　船水
270	ユニクロ	ユニクロ　口目塚
271	ユニクロ	ユニクロ　東雲町
272	ユニクロ	ユニクロ　扇田
273	ユニクロ	ユニクロ　瀬古泉
274	ユニクロ	ユニクロ　大和町
275	ユニクロ	ユニクロ　大雄町
276	ユニクロ	ユニクロ　ジーユー　オンライン　アサヒチョウ
277	ユニクロ	ＵＮＩＱＬＯ　東町
278	ユニクロ	ユニクロ　サイインミナミイゴリョウチョウ
279	ユニクロ	ＵＮＩＱＬＯ　ＧＵ　ＯＮＬＩＮＥ　下谷（下谷二区）
280	ユニクロ	ユニクロ　柏木町
281	ユニクロ	ユニクロ　ノナカ
282	ユニクロ	ユニクロ　アカサカ
283	ユニクロ	ユニクロ　小原
284	ユニクロ	ユニクロ　ユウマチ（ナカムラ）
285	ユニクロ	ユニクロ　フジヤマ
286	ユニクロ	ユニクロ／ジーユー　オンライン　幌内
287	ユニクロ	ユニクロ　トヨストヨスセンタービル（３３カイ）
288	ユニクロ	ユニクロ　ユノウラ
289	ユニクロ	ユニクロ　ジーユー　オンライン　タロウマルシンヤシキ
290	ユニクロ	ユニクロ　ジーユー　オンライン　シオミチョウ
291	ユニクロ	ユニクロ　赤坂ミッドタウン・タワー（３９階）
292	ユニクロ	ユニクロ　衣川夏秋
293	ユニクロ	ユニクロ　イクラヒガシマチ
294	ユニクロ	ユニクロ　条通猪熊西入、七条通大宮東入、下魚棚通猪熊西入、
295	ユニクロ	ユニクロ　春山町
296	ユニクロ	ユニクロ　北清水町
297	ユニクロ	ユニクロ　ハチモリイセバチダイ
298	ユニクロ	ユニクロ　東池尻
299	ユニクロ	ユニクロ　チシロ
300	ユニクロ	ユニクロ　ナカガワチョウシキジ
301	ユニクロ	ユニクロ　ハクサンチョウナカノムラ
302	ユニクロ	ユニクロ　サカエ
303	ユニクロ	ＵＮＩＱＬＯ　西新宿住友不動産新宿グランドタワー（１１階）
304	ユニクロ	ユニクロ　トラノモンカミヤチョウトラストタワー（２１
305	ユニクロ	ユニクロ　青谷町露谷
306	ユニクロ	ユニクロ　ウワチョウモクショ
307	ユニクロ	ユニクロ　玉之江
308	ユニクロ	ユニクロ　桜
309	ユニクロ	ユニクロ　浦佐
310	ユニクロ	ＵＮＩＱＬＯ　鴨島町麻植塚
311	ユニクロ	ユニクロ　菩提
312	ユニクロ	ＵＮＩＱＬＯ　ＧＵ　ＯＮＬＩＮＥ　長谷町
313	ユニクロ	ユニクロ　ジーユー　オンライン　センダイ
314	ユニクロ	ユニクロ　山本中
315	ユニクロ	ユニクロ　ロッポンギスミトモフドウサンロッポンギグ
316	ユニクロ	ユニクロ　大田町
317	ユニクロ	ユニクロ　夜須町手結
318	ユニクロ	ユニクロ　野花
319	ユニクロ	ユニクロ　小松尾
320	ユニクロ	ユニクロ　ウツミチョウ
321	ユニクロ	ユニクロ　フクジュチョウホンゴウ
322	ユニクロ	ＵＮＩＱＬＯ　ＧＵ　ＯＮＬＩＮＥ　神和台
323	ユニクロ	ユニクロ　昭和八丁目
324	ユニクロ	ユニクロ　加茂町下津川（奥津川）
325	ユニクロ	ユニクロ　舟川新
326	ユニクロ	ユニクロ　ツルガヤヒガシ
327	ユニクロ	ユニクロ　ノデラ
328	ユニクロ	ユニクロ　カドノ
329	ユニクロ	ユニクロ　南外赤平平家
330	ユニクロ	ユニクロ　カンダチョウ
331	ユニクロ	ユニクロ　阿寒町中仁々志別
332	ユニクロ	ＵＮＩＱＬＯ／ＧＵ　ＯＮＬＩＮＥ　塩中
333	ユニクロ	ユニクロ　ヨコマチキノシタ
334	ユニクロ	ユニクロ　ジーユー　オンライン　トヨサカチョウノウラ
335	ユニクロ	ＵＮＩＱＬＯ／ＧＵ　ＯＮＬＩＮＥ　大島区嶺
336	ユニクロ	ユニクロ　発寒十三条
337	ユニクロ	ユニクロ／ジーユー　オンライン　戎之町西
338	ユニクロ	ユニクロ　南山崎
339	ユニクロ	ユニクロ　クラモチチョウサト
340	ユニクロ	ユニクロ　木田
341	ユニクロ	ＵＮＩＱＬＯ　ＧＵ　ＯＮＬＩＮＥ　日進町
342	ユニクロ	ユニクロ／ジーユー　オンライン　鴨島町麻植塚
343	ユニクロ	ユニクロ　おもちゃのまち
344	ユニクロ	ユニクロ　ヤナギゴウチ
345	ユニクロ	ユニクロ　ナカガワチョウホウザキ
346	ユニクロ	ユニクロ　ジーユー　オンライン　シモトバナカサンチョウ
347	ユニクロ	ユニクロ　神明町
348	ユニクロ	ユニクロ／ジーユー　オンライン　安心院町新貝
349	ユニクロ	ユニクロ／ジーユー　オンライン　平田西
350	ユニクロ	ユニクロ　フクノダ
351	ユニクロ	ＵＮＩＱＬＯ　毛田（黒長谷）
352	ユニクロ	ユニクロ　中畑
353	ユニクロ	ユニクロ　オウジ
354	ユニクロ	ユニクロ　ジーユー　オンライン　タカシミズテイシンメイ
355	ユニクロ	ユニクロ　宗谷村（清浜）
356	ユニクロ	ユニクロ　イセジマ
357	ユニクロ	ユニクロ　タムギノ
358	ユニクロ	ユニクロ　水橋上的場
359	ユニクロ	ユニクロ　カスガチョウ
360	ユニクロ	ユニクロ　ジーユー　オンライン　タケヤ
361	ユニクロ	ユニクロ　北山
362	ユニクロ	ユニクロ　上市川
363	ユニクロ	ユニクロ　ナジオチャエンチョウ
364	ユニクロ	ユニクロ　下半田川町
365	ユニクロ	ＵＮＩＱＬＯ　明宝寒水
366	ユニクロ	ＵＮＩＱＬＯ　ＧＵ　ＯＮＬＩＮＥ　出来島本町
367	ユニクロ	ユニクロ　ジーユー　オンライン　タミナ
368	ユニクロ	ユニクロ　阿波町東正広
369	ユニクロ	ユニクロ　渋井
370	ユニクロ	ユニクロ　清川
371	ユニクロ	ユニクロ　土橋
372	ユニクロ	ＵＮＩＱＬＯ／ＧＵ　ＯＮＬＩＮＥ　人丸町
373	ユニクロ	ユニクロ　下茨田
374	ユニクロ	ユニクロ　カネヅカチョウ
375	ユニクロ	ユニクロ／ジーユー　オンライン　天満橋ＯＡＰタワー（６階）
376	ユニクロ	ＵＮＩＱＬＯ　ＧＵ　ＯＮＬＩＮＥ　中島町
377	ユニクロ	ユニクロ　ハネチョウオツ
378	ユニクロ	ＵＮＩＱＬＯ　ＧＵ　ＯＮＬＩＮＥ　保原町大泉
379	ユニクロ	ＵＮＩＱＬＯ／ＧＵ　ＯＮＬＩＮＥ　豊西町
380	ユニクロ	ユニクロ　ヒガシハガ
381	ユニクロ	ユニクロ　ジーユー　オンライン　コヤマチョウ
382	ユニクロ	ユニクロ　大塚高岩
383	ユニクロ	ユニクロ　城見ＭＩＤタワー（９階）
384	ユニクロ	ユニクロ　戸入
385	ユニクロ	ユニクロ　シモヤマダ
386	ユニクロ	ユニクロ　ナガヤマ４ジョウ
387	ユニクロ	ユニクロ　ナカミチ
388	ユニクロ	ユニクロ　マツダテイノウエ
389	ユニクロ	ユニクロ　イワタキタアサジ
390	ユニクロ	ユニクロ　ツチヤ
391	ユニクロ	ユニクロ　宮前
392	ユニクロ	ユニクロ　熱池町
393	ユニクロ	ユニクロ　ヒガシトヨハマチョウ
394	ユニクロ	ＵＮＩＱＬＯ／ＧＵ　ＯＮＬＩＮＥ　万平町
395	ユニクロ	ユニクロ　長野
396	ユニクロ	ユニクロ　福元町
397	ユニクロ	ユニクロ　イクエイ
398	ユニクロ	ＵＮＩＱＬＯ　西新宿新宿住友ビル（４７階）
399	ユニクロ	ユニクロ／ジーユー　オンライン　古月
400	ユニクロ	ＵＮＩＱＬＯ　ＧＵ　ＯＮＬＩＮＥ　鳩原
401	ユニクロ	ユニクロ　昭和町
402	ユニクロ	ユニクロ　ナギサワ
403	ユニクロ	ユニクロ　ゴトウチョウ
404	ユニクロ	ユニクロ　ケタカチョウトミヨシ
405	ユニクロ	ユニクロ　シンメイマチ
406	ユニクロ	ユニクロ　ハ
407	ユニクロ	ユニクロ　オオゴト
408	ユニクロ	ＵＮＩＱＬＯ　柏原町小南
409	ユニクロ	ＵＮＩＱＬＯ　海善寺
410	ユニクロ	ユニクロ　芳田
411	ユニクロ	ユニクロ　内川黒土
412	ユニクロ	ユニクロ　タジリヌマギ
413	ユニクロ	ユニクロ　瀬戸町宗堂
414	ユニクロ	ユニクロ　イノシマ
415	ユニクロ	ユニクロ　クマダ
416	ユニクロ	ユニクロ　ハルミ２ジョウキタ
417	ユニクロ	ユニクロ　アタゴアタゴグリーンヒルズモリタワー（
418	ユニクロ	ユニクロ／ジーユー　オンライン　晴海町
419	ユニクロ	ユニクロ　海神町西
420	ユニクロ	ユニクロ　エグチ
421	ユニクロ	ユニクロ　浄法寺町清水尻
422	ユニクロ	ユニクロ　御津河内
423	ユニクロ	ユニクロ　三和区越柳
424	ユニクロ	ユニクロ　カリヤ
425	ユニクロ	ユニクロ　吉江
426	ユニクロ	ユニクロ　中百舌鳥町
427	ユニクロ	ユニクロ　ヨシ
428	ユニクロ	ユニクロ　代々木
429	ユニクロ	ユニクロ　ヒガシオカチョウ
430	ユニクロ	ユニクロ　浜松町世界貿易センタービル（３９階）
431	ユニクロ	ユニクロ／ジーユー　オンライン　別所町下石野
432	ユニクロ	ユニクロ　富浦町福澤
433	ユニクロ	ＵＮＩＱＬＯ／ＧＵ　ＯＮＬＩＮＥ　上石津町下山
434	ユニクロ	ユニクロ　オウショウジ
435	ユニクロ	ユニクロ　イクラチョウ
436	ユニクロ	ユニクロ　新港町
437	ユニクロ	ユニクロ　シンジョウジマチ
438	ユニクロ	ＵＮＩＱＬＯ　ＧＵ　ＯＮＬＩＮＥ　網島町
439	ユニクロ	ユニクロ　松寺町
440	ユニクロ	ユニクロ　カブチ
441	ユニクロ	ＵＮＩＱＬＯ　東雲町
442	ユニクロ	ユニクロ　観音
443	ユニクロ	ＵＮＩＱＬＯ／ＧＵ　ＯＮＬＩＮＥ　百戸町東
444	ユニクロ	ユニクロ　コロモガワイワノウエ
445	ユニクロ	ユニクロ　高来町平田
446	ユニクロ	ＵＮＩＱＬＯ　殿町
447	ユニクロ	ユニクロ　須磨本町
448	ユニクロ	ユニクロ　ヤナギハラ
449	ユニクロ	ユニクロ　梶原
450	ユニクロ	ユニクロ　ジーユー　オンライン　クグリキ
451	ユニクロ	ユニクロ　イズミマチシモガワ
452	ユニクロ	ユニクロ　タイユウオリハシ
453	ユニクロ	ＵＮＩＱＬＯ　ＧＵ　ＯＮＬＩＮＥ　千田
454	ユニクロ	ユニクロ　フクズミ
455	ユニクロ	ＵＮＩＱＬＯ　長島町
456	ユニクロ	ユニクロ　美吉野町
457	ユニクロ	ユニクロ　サカエマチ
458	ユニクロ	ユニクロ　ミイラクマチウシノウラ
459	ユニクロ	ユニクロ　キタハッタンチョウ
460	ユニクロ	ユニクロ　衣崎町
461	ユニクロ	ユニクロ　タカバ
462	ユニクロ	ユニクロ　上薩摩瀬町
463	ユニクロ	ユニクロ　菖蒲
464	ユニクロ	ユニクロ　タテガミチョウ
465	ユニクロ	ユニクロ　マツヤチョウ
466	ユニクロ	ＵＮＩＱＬＯ　ＧＵ　ＯＮＬＩＮＥ　保原町西町
467	ユニクロ	ユニクロ　小屋名
468	ユニクロ	ＵＮＩＱＬＯ／ＧＵ　ＯＮＬＩＮＥ　さくら町
469	ユニクロ	ユニクロ　南外下荒沢
470	ユニクロ	ユニクロ　山形町小国
471	ユニクロ	ＵＮＩＱＬＯ　ＧＵ　ＯＮＬＩＮＥ　名瀬伊津部勝
472	ユニクロ	ユニクロ　ジーユー　オンライン　タシロチョウ
473	ユニクロ	ユニクロ　鳴滝泉谷町
474	ユニクロ	ユニクロ　平沢
475	ユニクロ	ユニクロ　香北町小川
476	ユニクロ	ユニクロ　スギ
477	ユニクロ	ユニクロ　港町
478	ユニクロ	ＵＮＩＱＬＯ　ＧＵ　ＯＮＬＩＮＥ　杉野原
479	ユニクロ	ＵＮＩＱＬＯ／ＧＵ　ＯＮＬＩＮＥ　栗栖
480	ユニクロ	ユニクロ　原
481	ユニクロ	ユニクロ　北佐古二番町
482	ユニクロ	ユニクロ／ジーユー　オンライン　千津井
483	ユニクロ	ユニクロ　タクシ
484	ユニクロ	ユニクロ　サイワイマチ
485	ユニクロ	ユニクロ　西新宿新宿エルタワー（１５階）
486	ユニクロ	ユニクロ　東四条北
487	ユニクロ	ユニクロ／ジーユー　オンライン　流岡町
488	ユニクロ	ＵＮＩＱＬＯ　中央町
489	ユニクロ	ユニクロ　金田
490	ユニクロ	ＵＮＩＱＬＯ／ＧＵ　ＯＮＬＩＮＥ　金屋
491	ユニクロ	ユニクロ　ジーユー　オンライン　ミズサワタクミダ
492	ユニクロ	ユニクロ　定正町
493	ユニクロ	ＵＮＩＱＬＯ　ＧＵ　ＯＮＬＩＮＥ　久美浜町仲町
494	ユニクロ	ＵＮＩＱＬＯ　気高町冨吉
495	ユニクロ	ユニクロ　ウチカンダ
496	ユニクロ	ＵＮＩＱＬＯ　ＧＵ　ＯＮＬＩＮＥ　南鎌ケ谷
497	ユニクロ	ユニクロ　トミオカ
498	ユニクロ	ユニクロ　成沢西
499	ユニクロ	ＵＮＩＱＬＯ　樫西
500	ユニクロ	ユニクロ　トヨサトチョウシンホソヌマ
501	ユニクロ	ＵＮＩＱＬＯ　大穂
502	ユニクロ	ユニクロ　オカモト
503	ユニクロ	ユニクロ　イマザト
504	ユニクロ	ユニクロ／ジーユー　オンライン　佐谷
505	ユニクロ	ユニクロ　カスミガセキカスミガセキビル（２８カイ
506	ユニクロ	ユニクロ　セコイズミ
507	ユニクロ	ユニクロ　ハナゾノチョウ
508	ユニクロ	ユニクロ　ジーユー　オンライン　ヤザコナカネバラ
509	ユニクロ	ユニクロ　太秦野元町
510	ユニクロ	ユニクロ　ジーユー　オンライン　マツオカ
511	ユニクロ	ユニクロ　ゴコウニシ
512	ユニクロ	ユニクロ　南美唄町桜井町
513	ユニクロ	ユニクロ　桂坤町
514	ユニクロ	ユニクロ　邑久町下山田
515	ユニクロ	ユニクロ　ハシモトキタジョウドガハラ
516	ユニクロ	ユニクロ　テンマチョウ
517	ユニクロ	ユニクロ　内神田
518	ユニクロ	ユニクロ　三毛門
519	ユニクロ	ユニクロ　ジーユー　オンライン　アンギョウデワ
520	ユニクロ	ＵＮＩＱＬＯ　ＧＵ　ＯＮＬＩＮＥ　平町
521	ユニクロ	ユニクロ　潮見
522	ユニクロ	ユニクロ　岩作高山
523	ユニクロ	ＵＮＩＱＬＯ　ＧＵ　ＯＮＬＩＮＥ　長嶺
524	ユニクロ	ユニクロ　川田中畑町
525	ユニクロ	ユニクロ　大沢
526	ユニクロ	ユニクロ　追分中央
527	ユニクロ	ユニクロ　蓮沼
528	ユニクロ	ユニクロ　イエニシ
529	ユニクロ	ユニクロ　ヤスカワ
530	ユニクロ	ユニクロ　オオスケ
531	ユニクロ	ユニクロ　シンタク
532	ユニクロ	ユニクロ　目黒町
533	ユニクロ	ユニクロ　目名市
534	ユニクロ	ユニクロ　中野
535	ユニクロ	ユニクロ　福井
536	ユニクロ	ユニクロ　大羽根園並木通
537	ユニクロ	ＵＮＩＱＬＯ　緑ヶ丘中町
538	ユニクロ	ユニクロ　尾上町
539	ユニクロ	ユニクロ　若宮
540	ユニクロ	ユニクロ　ウメザワマチ
541	ユニクロ	ユニクロ　西町
542	ユニクロ	ユニクロ　ジーユー　オンライン　マツオカニシノナカ
543	ユニクロ	ユニクロ　永田
544	ユニクロ	ユニクロ　トヨニシチョウ
545	ユニクロ	ユニクロ　上賀茂馬ノ目町
546	ユニクロ	ユニクロ　国玉通
547	ユニクロ	ユニクロ　ナカセワールドビジネスガーデン（１０カイ
548	ユニクロ	ユニクロ　ジーユー　オンライン　ユノオマチ
549	ユニクロ	ユニクロ　輪厚元町
550	ユニクロ	ユニクロ　ハネダ
551	ユニクロ	ユニクロ　オゴオリミユキマチ
552	ユニクロ	ユニクロ　南原山町南原山
553	ユニクロ	ユニクロ　ジーユー　オンライン　タイ
554	ユニクロ	ユニクロ　御旅宮本町
555	ユニクロ	ＵＮＩＱＬＯ　ＧＵ　ＯＮＬＩＮＥ　仲町
556	ユニクロ	ユニクロ　宮本町
557	ユニクロ	ユニクロ　本郷
558	ユニクロ	ユニクロ　セイカンジヤマノウチチョウ
559	ユニクロ	ユニクロ　戸出岡御所
560	ユニクロ	ユニクロ　細堀町
561	ユニクロ	ユニクロ　石井町
562	ユニクロ	ユニクロ／ジーユー　オンライン　前潟
563	ユニクロ	ユニクロ　ヒロハシドノチョウ
564	ユニクロ	ＵＮＩＱＬＯ　ＧＵ　ＯＮＬＩＮＥ　今里
565	ユニクロ	ユニクロ　公事田
566	ユニクロ	ユニクロ　神代富田
567	ユニクロ	ユニクロ　アカエ
568	ユニクロ	ユニクロ　ワダチョウマツダ
569	ユニクロ	ユニクロ　畠中
570	ユニクロ	ユニクロ　ジーユー　オンライン　ヒカミチョウヒカミ
571	ユニクロ	ユニクロ　ブダイジチョウ
572	ユニクロ	ユニクロ　長洞
573	ユニクロ	ユニクロ　ジーユー　オンライン　ゴウド
574	ユニクロ	ユニクロ　タマガワチョウコウヤ
575	ユニクロ	ユニクロ　ショウジダケミナミ
576	ユニクロ	ユニクロ　別保南
577	ユニクロ	ユニクロ　下星谷
578	ユニクロ	ユニクロ　センマヤチョウコナシ
579	ユニクロ	ユニクロ　フクトミナガタ
580	ユニクロ	ユニクロ　峰山町丹波
581	ユニクロ	ＵＮＩＱＬＯ　ＧＵ　ＯＮＬＩＮＥ　長坂町
582	ユニクロ	ユニクロ　ムラキザワ
583	ユニクロ	ユニクロ　キヨカワ
584	ユニクロ	ユニクロ　狐井
585	ユニクロ	ＵＮＩＱＬＯ　ＧＵ　ＯＮＬＩＮＥ　松本
586	ユニクロ	ユニクロ　夜久野町日置
587	ユニクロ	ＵＮＩＱＬＯ／ＧＵ　ＯＮＬＩＮＥ　萩が丘
588	ユニクロ	ユニクロ　ハマダチョウ
589	ユニクロ	ユニクロ　ミッカイチ
590	ユニクロ	ユニクロ　イワデマチ
591	ユニクロ	ユニクロ　ドシダ
592	ユニクロ	ユニクロ　ニシイヤヤマムラシモミョウ
593	ユニクロ	ユニクロ　上日向
594	ユニクロ	ユニクロ　上野
595	ユニクロ	ユニクロ　シモツイタノウラ
596	ユニクロ	ユニクロ　松原町
597	ユニクロ	ユニクロ　サンワクオオ
598	ユニクロ	ユニクロ　ジーユー　オンライン　カミ
599	ユニクロ	ユニクロ　ジーユー　オンライン　ウエダチョウ
600	ユニクロ	ユニクロ　イムレチョウ
601	ユニクロ	ユニクロ　シロキタチョウ
602	ユニクロ	ＵＮＩＱＬＯ　ＧＵ　ＯＮＬＩＮＥ　下津穂所町
603	ユニクロ	ユニクロ　ミナミコマツダニ
604	ユニクロ	ユニクロ／ジーユー　オンライン　家西
605	ユニクロ	ユニクロ　高城台
606	ユニクロ	ユニクロ　上野条
607	ユニクロ	ＵＮＩＱＬＯ　ＧＵ　ＯＮＬＩＮＥ　袋町
608	ユニクロ	ユニクロ　ヒトクラ
609	ユニクロ	ユニクロ　アケガワヒガシ
610	ユニクロ	ユニクロ　ジーユー　オンライン　ヨシハラマチ
611	ユニクロ	ユニクロ　松ケ枝町
612	ユニクロ	ＵＮＩＱＬＯ　ＧＵ　ＯＮＬＩＮＥ　大宮町
613	ユニクロ	ユニクロ　並松町
614	ユニクロ	ユニクロ　フカゼシンマチ
615	ユニクロ	ユニクロ　ユワクアラヤマチ
616	ユニクロ	ユニクロ　牛窓町千手
617	ユニクロ	ユニクロ　ナカノセドオリ
618	ユニクロ	ＵＮＩＱＬＯ／ＧＵ　ＯＮＬＩＮＥ　一条
619	ユニクロ	ユニクロ　ミカゲニシ３ジョウ
620	ユニクロ	ユニクロ　ハナオカチョウ
621	ユニクロ	ユニクロ　ジーユー　オンライン　カワカミチョウ
622	ユニクロ	ユニクロ　厳木町星領
623	ユニクロ	ユニクロ　カミイワシタ
624	ユニクロ	ユニクロ　ジーユー　オンライン　シモヤマ
625	ユニクロ	ユニクロ　シュクモ
626	ユニクロ	ユニクロ　伝法寺
627	ユニクロ	ユニクロ　黒瀬北町
628	ユニクロ	ユニクロ　南町
629	ユニクロ	ユニクロ　信楽町黄瀬
630	ユニクロ	ユニクロ　井内
631	ユニクロ	ユニクロ　深田町
632	ユニクロ	ユニクロ　本郷前川原
633	ユニクロ	ユニクロ　新富町
634	ユニクロ	ユニクロ　ヨヨギ
635	ユニクロ	ユニクロ　ヒライ
636	ユニクロ	ユニクロ　下鴨南茶ノ木町
637	ユニクロ	ユニクロ　フィオーレキツレガワ
638	ユニクロ	ユニクロ　ジーユー　オンライン　チュウオウチョウ
639	ユニクロ	ユニクロ　アシベチョウハコザキクギノオフレ
640	ユニクロ	ＵＮＩＱＬＯ／ＧＵ　ＯＮＬＩＮＥ　大野原町萩原
641	ユニクロ	ユニクロ　栄
642	ユニクロ	ユニクロ　北田中
643	ユニクロ	ユニクロ　ニシオキ
644	ユニクロ	ユニクロ　万年新地
645	ユニクロ	ユニクロ　ニシオ
646	ユニクロ	ユニクロ　板谷
647	ユニクロ	ユニクロ／ジーユー　オンライン　上青井町
648	ユニクロ	ユニクロ　さくら町
649	ユニクロ	ユニクロ　御供所町
650	ユニクロ	ユニクロ　七番丁
651	ユニクロ	ユニクロ　ジーユー　オンライン　イマミツ
652	ユニクロ	ユニクロ　アミジマチョウ
653	ユニクロ	ＵＮＩＱＬＯ　ＧＵ　ＯＮＬＩＮＥ　明神前
654	ユニクロ	ＵＮＩＱＬＯ　赤連
655	ユニクロ	ユニクロ　堀上
656	ユニクロ	ユニクロ　カナヤマ
657	ユニクロ	ユニクロ　安富町植木野
658	ユニクロ	ユニクロ　ダイゴミナミサトチョウ
659	ユニクロ	ユニクロ　ヒガシサヤマガオカ
660	ユニクロ	ＵＮＩＱＬＯ　川下四条
661	ユニクロ	ＵＮＩＱＬＯ　ＧＵ　ＯＮＬＩＮＥ　小松原町
662	ユニクロ	ユニクロ／ジーユー　オンライン　宗谷村（東浦）
663	ユニクロ	ユニクロ　カミ
664	ユニクロ	ユニクロ　カミショコツチョウワクンベ
665	ユニクロ	ユニクロ　唐桑町上川原
666	ユニクロ	ユニクロ　ヤマガワオカチヨガミズ
667	ユニクロ	ＵＮＩＱＬＯ　永末町
668	ユニクロ	ユニクロ　駒野町
669	ユニクロ	ユニクロ　ジーユー　オンライン　ツクタイエノマエ
670	ユニクロ	ユニクロ　光明町
671	ユニクロ	ユニクロ　中津
672	ユニクロ	ＵＮＩＱＬＯ／ＧＵ　ＯＮＬＩＮＥ　新田窪
673	ユニクロ	ＵＮＩＱＬＯ　ＧＵ　ＯＮＬＩＮＥ　加茂町観音寺
674	ユニクロ	ユニクロ　フナバチョウ
675	ユニクロ	ユニクロ　北四条
676	ユニクロ	ＵＮＩＱＬＯ　ＧＵ　ＯＮＬＩＮＥ　硯町
677	ユニクロ	ＵＮＩＱＬＯ　出戸本町
678	ユニクロ	ユニクロ　タイショウチョウ
679	ユニクロ	ＵＮＩＱＬＯ　鷹羽
680	ユニクロ	ユニクロ　旭町
681	ユニクロ	ユニクロ　ハルキマチ
682	ユニクロ	ユニクロ　アマガワバラマチ
683	ユニクロ	ユニクロ　三矢町
684	ユニクロ	ユニクロ／ジーユー　オンライン　新琴似八条
685	ユニクロ	ユニクロ　アサカワ（バンチ）
686	ユニクロ	ユニクロ　釜杭
687	ユニクロ	ユニクロ　ヒライケチョウグローバルゲート（２カイ）
688	ユニクロ	ＵＮＩＱＬＯ／ＧＵ　ＯＮＬＩＮＥ　昭栄町
689	ユニクロ	ユニクロ　豊津町
690	ユニクロ	ユニクロ　シンマチ
691	ユニクロ	ユニクロ　カミフカワチョウ
692	ユニクロ	ユニクロ　丹原町寺尾
693	ユニクロ	ユニクロ　本吉町平貝
694	ユニクロ	ユニクロ　ジュウオウドウキタ
695	ユニクロ	ユニクロ　小白府
696	ユニクロ	ＵＮＩＱＬＯ　金田
697	ユニクロ	ＵＮＩＱＬＯ　ＧＵ　ＯＮＬＩＮＥ　風田
698	ユニクロ	ユニクロ　ニシチョウ
699	ユニクロ	ＵＮＩＱＬＯ／ＧＵ　ＯＮＬＩＮＥ　丹後町家ノ谷
700	ユニクロ	ユニクロ　春江町江留下
701	ユニクロ	ＵＮＩＱＬＯ　小竹
702	ユニクロ	ユニクロ　姥ケ東西町
703	ユニクロ	ユニクロ　溝口
704	ユニクロ	ユニクロ　奥原
705	ユニクロ	ユニクロ　ヒトツモリマチ
706	ユニクロ	ユニクロ　ミヤハナ
707	ユニクロ	ＵＮＩＱＬＯ　恵比須町
708	ユニクロ	ユニクロ／ジーユー　オンライン　御津町上佐脇松下
709	ユニクロ	ユニクロ　ジーユー　オンライン　コシドノチョウ
710	ユニクロ	ユニクロ　シモホシヤ
711	ユニクロ	ユニクロ　カドイチョウ
712	ユニクロ	ＵＮＩＱＬＯ　千歳町
713	ユニクロ	ユニクロ　西枇杷島町古城
714	ユニクロ	ユニクロ　問屋町西
715	ユニクロ	ユニクロ　北
716	ユニクロ	ＵＮＩＱＬＯ　松屋本町
717	ユニクロ	ユニクロ　萩が丘
718	ユニクロ	ユニクロ　大里窪田町
719	ユニクロ	ユニクロ　国友町
720	ユニクロ	ユニクロ　アイオイチョウ
721	ユニクロ	ユニクロ／ジーユー　オンライン　新貝町
722	ユニクロ	ユニクロ　ウチザトヒガシヤマカワ
723	ユニクロ	ユニクロ　東郷町
724	ユニクロ	ユニクロ／ジーユー　オンライン　羨古丹
725	ユニクロ	ユニクロ　花住坂
726	ユニクロ	ユニクロ　ジーユー　オンライン　イエシロ
727	ユニクロ	ユニクロ　門前町門前
728	ユニクロ	ユニクロ　小柳
729	ユニクロ	ユニクロ　西
730	ユニクロ	ユニクロ　シンコウニシ
731	ユニクロ	ユニクロ　笹原町
732	ユニクロ	ユニクロ　南方
733	ユニクロ	ユニクロ　フジチョウオオノ
734	ユニクロ	ＵＮＩＱＬＯ／ＧＵ　ＯＮＬＩＮＥ　富堂町
735	ユニクロ	ＵＮＩＱＬＯ／ＧＵ　ＯＮＬＩＮＥ　山崎町
736	ユニクロ	ユニクロ　弘
737	ユニクロ	ユニクロ　仁田
738	ユニクロ	ユニクロ　フクオカマチオオノ（サクラギチョウ）
739	ユニクロ	ユニクロ　ハナメチョウ
740	ユニクロ	ＵＮＩＱＬＯ　ＧＵ　ＯＮＬＩＮＥ　霞町
741	ユニクロ	ユニクロ／ジーユー　オンライン　新里
742	ユニクロ	ユニクロ　一の宮町宮地
743	ユニクロ	ユニクロ　東光町
744	ユニクロ	ユニクロ　モチコシ
745	ユニクロ	ＵＮＩＱＬＯ　ＧＵ　ＯＮＬＩＮＥ　上郷上田乙（３２４４～３７５０
746	ユニクロ	ユニクロ　木綿畑
747	ユニクロ	ユニクロ　平田西
748	ユニクロ	ユニクロ　アカシドウ
749	ユニクロ	ユニクロ　北四条西（１～１
750	ユニクロ	ユニクロ　川辺町野間
751	ユニクロ	ＵＮＩＱＬＯ／ＧＵ　ＯＮＬＩＮＥ　九番町
752	ユニクロ	ユニクロ　ヒラマチ
753	ユニクロ	ユニクロ　きよみ野
754	ユニクロ	ユニクロ　シカノチョウイマイチ
755	ユニクロ	ユニクロ　ナガハマチョウ
756	ユニクロ	ユニクロ　外川原
757	ユニクロ	ＵＮＩＱＬＯ／ＧＵ　ＯＮＬＩＮＥ　横手本町
758	ユニクロ	ユニクロ　夫婦川町
759	ユニクロ	ユニクロ　鹿島区南柚木
760	ユニクロ	ユニクロ　サママイ
761	ユニクロ	ユニクロ　大野筏津
762	ユニクロ	ユニクロ　大豆戸
763	ユニクロ	ユニクロ　青樹町
764	ユニクロ	ユニクロ／ジーユー　オンライン　南大池
765	ユニクロ	ＵＮＩＱＬＯ／ＧＵ　ＯＮＬＩＮＥ　瀬峰野沢
766	ユニクロ	ユニクロ　本明
767	ユニクロ	ユニクロ　ミネヤマチョウニンバリ
768	ユニクロ	ユニクロ　イワイダ
769	ユニクロ	ユニクロ　那の津
770	ユニクロ	ユニクロ　山崎町山崎
771	ユニクロ	ユニクロ　浜益区柏木
772	ユニクロ	ユニクロ　平柳
773	ユニクロ	ユニクロ　下津井田之浦
774	ユニクロ	ＵＮＩＱＬＯ／ＧＵ　ＯＮＬＩＮＥ　三村
775	ユニクロ	ユニクロ　ハザワチョウ
776	ユニクロ	ユニクロ　本三川（８９、２
777	ユニクロ	ユニクロ　ミドリガオカ
778	ユニクロ	ＵＮＩＱＬＯ／ＧＵ　ＯＮＬＩＮＥ　渋民
779	ユニクロ	ユニクロ　ジーユー　オンライン　キタウラ
780	ユニクロ	ＵＮＩＱＬＯ／ＧＵ　ＯＮＬＩＮＥ　一条北
781	ユニクロ	ＵＮＩＱＬＯ／ＧＵ　ＯＮＬＩＮＥ　様舞
782	ユニクロ	ユニクロ　峰山町新治
783	ユニクロ	ＵＮＩＱＬＯ　ＧＵ　ＯＮＬＩＮＥ　伊集院町大田（久木野々石塚）
784	ユニクロ	ユニクロ　ヒダカチョウマツオカ
785	ユニクロ	ユニクロ　ナダチクニゴリサワ
786	ユニクロ	ユニクロ　明科中川手
787	ユニクロ	ユニクロ／ジーユー　オンライン　豊
788	ユニクロ	ユニクロ　ノノウエ
789	ユニクロ	ユニクロ　カジウチ
790	ユニクロ	ユニクロ　ソハラモチダチョウ
791	ユニクロ	ＵＮＩＱＬＯ　西方（下田）
792	ユニクロ	ユニクロ　カミダ
793	ユニクロ	ユニクロ　北町
794	ユニクロ	ユニクロ　虎石町
795	ユニクロ	ユニクロ　厚床
796	ユニクロ	ユニクロ　那賀川町中島
797	ユニクロ	ユニクロ　ナカノチョウ（ヒガシサンボンギドオリマ
798	ユニクロ	ＵＮＩＱＬＯ　ＧＵ　ＯＮＬＩＮＥ　鳥浜
799	ユニクロ	ユニクロ　ヒシカリイチヤマ
800	ユニクロ	ユニクロ　マルヤマチョウ
801	ユニクロ	ユニクロ　中津川
802	ユニクロ	ユニクロ　ジーユー　オンライン　タカミヤチョウボウゴ
803	ユニクロ	ユニクロ　美明
804	ユニクロ	ユニクロ　イワデヤマカミノメ
805	ユニクロ	ユニクロ／ジーユー　オンライン　八街に
806	ユニクロ	ユニクロ　キタジマ
807	ユニクロ	ユニクロ　小川
808	ユニクロ	ユニクロ　オケヤマチ
809	ユニクロ	ユニクロ　ヒガシヤシロ
810	ユニクロ	ユニクロ　柿崎区江島新田
811	ユニクロ	ＵＮＩＱＬＯ／ＧＵ　ＯＮＬＩＮＥ　上高野三反田町
812	ユニクロ	ユニクロ　ハビョウシチョウ
813	ユニクロ	ユニクロ　ジーユー　オンライン　イシデラチョウ
814	ユニクロ	ＵＮＩＱＬＯ／ＧＵ　ＯＮＬＩＮＥ　山川岡児ケ水
815	ユニクロ	ユニクロ　テラワタド
816	ユニクロ	ユニクロ　脇本田谷沢
817	ユニクロ	ＵＮＩＱＬＯ　ＧＵ　ＯＮＬＩＮＥ　本野町
818	ユニクロ	ユニクロ　元町
819	ユニクロ	ユニクロ　大野町片島
820	ユニクロ	ユニクロ　ナカゴウヤ
821	ユニクロ	ユニクロ　ミナミツカグチチョウ
822	ユニクロ	ユニクロ　横瀬
823	ユニクロ	ユニクロ　オガツチョウミズハマ
824	ユニクロ	ユニクロ　ヘイセイチョウ
825	ユニクロ	ユニクロ　大曽根
826	ユニクロ	ＵＮＩＱＬＯ／ＧＵ　ＯＮＬＩＮＥ　津門西口町
827	ユニクロ	ユニクロ　荒井町御旅
828	ユニクロ	ユニクロ　ヒガシイシオカ
829	ユニクロ	ユニクロ　ジーユー　オンライン　アキル
830	ユニクロ	ユニクロ　西新宿新宿スクエアタワー（１階
831	ユニクロ	ＵＮＩＱＬＯ　志津川廻館前
832	ユニクロ	ユニクロ　国府台
833	ユニクロ	ユニクロ　フジツカチョウ
834	ユニクロ	ユニクロ　サンチョウメ
835	ユニクロ	ユニクロ　フルカワチョウコウエイチョウ
836	ユニクロ	ユニクロ／ジーユー　オンライン　西吉田
837	ユニクロ	ユニクロ　ヤマノウチチョウ
838	ユニクロ	ＵＮＩＱＬＯ／ＧＵ　ＯＮＬＩＮＥ　妙光寺
839	ユニクロ	ユニクロ　コナン
840	ユニクロ	ユニクロ　ジーユー　オンライン　アカノ
841	ユニクロ	ユニクロ　牧町
842	ユニクロ	ユニクロ　ミトチョウシモサワキアライダシ
843	ユニクロ	ユニクロ　ウスイ
844	ユニクロ	ユニクロ　鴨島町麻植塚
845	ユニクロ	ユニクロ　花目町
846	ユニクロ	ユニクロ　追分茶屋
847	ユニクロ	ユニクロ　シンガイチョウ
848	ユニクロ	ユニクロ　大沼
849	ユニクロ	ユニクロ　タキネマチヒロセ
850	ユニクロ	ユニクロ　ヤマ
851	ユニクロ	ユニクロ　ジーユー　オンライン　マツザカチョウ
852	ユニクロ	ユニクロ　コマガタ
853	ユニクロ	ユニクロ　オンタ
854	ユニクロ	ユニクロ　駒井沢町
855	ユニクロ	ユニクロ　屋井
856	ユニクロ	ユニクロ／ジーユー　オンライン　下関
857	ユニクロ	ＵＮＩＱＬＯ　豊洲豊洲センタービル（３３階）
858	ユニクロ	ＵＮＩＱＬＯ　ＧＵ　ＯＮＬＩＮＥ　北村
859	ユニクロ	ユニクロ　カミトバチョウダ
860	ユニクロ	ユニクロ／ジーユー　オンライン　伊呂波町
861	ユニクロ	ユニクロ　イノ
862	ユニクロ	ユニクロ　タカハラマチ
863	ユニクロ	ユニクロ　行沢
864	ユニクロ	ユニクロ　ジーユー　オンライン　ココオゲ
865	ユニクロ	ユニクロ　埓木崎
866	ユニクロ	ＵＮＩＱＬＯ　ＧＵ　ＯＮＬＩＮＥ　春江町中庄
867	ユニクロ	ＵＮＩＱＬＯ　東野々宮町
868	ユニクロ	ユニクロ　深草向ケ原町
869	ユニクロ	ユニクロ　ハタツチョウツルヌシヤ
870	ユニクロ	ユニクロ　ジーユー　オンライン　アンサイ
871	ユニクロ	ユニクロ　末広
872	ユニクロ	ＵＮＩＱＬＯ／ＧＵ　ＯＮＬＩＮＥ　八尾町西新町
873	ユニクロ	ユニクロ　西吉田
874	ユニクロ	ユニクロ　ハシモト
875	ユニクロ	ユニクロ　江崎
876	ユニクロ	ＵＮＩＱＬＯ　田町
877	ユニクロ	ユニクロ　向山東町
878	ユニクロ	ユニクロ　シヅガワマワリタテマエ
879	ユニクロ	ＵＮＩＱＬＯ／ＧＵ　ＯＮＬＩＮＥ　川口
880	ユニクロ	ＵＮＩＱＬＯ　松原町
881	ユニクロ	ユニクロ　フジミチョウ
882	ユニクロ	ユニクロ　アサナミハラ
883	ユニクロ	ユニクロ　シンセイ
884	ユニクロ	ユニクロ　オオヤチョウオオヤイチバ
885	ユニクロ	ＵＮＩＱＬＯ　ＧＵ　ＯＮＬＩＮＥ　熊坂
886	ユニクロ	ユニクロ　吉川区西野島
887	ユニクロ	ユニクロ　丸の内グラントウ
888	ユニクロ	ユニクロ　上新田町
889	ユニクロ	ユニクロ　聖佳町
890	ユニクロ	ユニクロ　塘路（３２番地）
891	ユニクロ	ユニクロ　ジョウコウジ
892	ユニクロ	ＵＮＩＱＬＯ／ＧＵ　ＯＮＬＩＮＥ　中郷区岡沢
893	ユニクロ	ユニクロ　トヤベ
894	ユニクロ	ユニクロ　アサヒガオカ
895	ユニクロ	ユニクロ　岩神町
896	ユニクロ	ユニクロ　エキマエチョウ
897	ユニクロ	ユニクロ　クマバシリマチ
898	ユニクロ	ユニクロ　岩上町
899	ユニクロ	ユニクロ　ナカオ
900	ユニクロ	ＵＮＩＱＬＯ／ＧＵ　ＯＮＬＩＮＥ　樫山町
901	ユニクロ	ユニクロ　高梨町
902	ユニクロ	ユニクロ　松崎下金取
903	ユニクロ	ユニクロ　高洲
904	ユニクロ	ユニクロ／ジーユー　オンライン　西三条南
905	ユニクロ	ユニクロ　池田
906	ユニクロ	ユニクロ　カヤンドウチョウ
907	ユニクロ	ＵＮＩＱＬＯ／ＧＵ　ＯＮＬＩＮＥ　東町
908	ユニクロ	ユニクロ　寺渡戸
909	ユニクロ	ユニクロ　ナガタチョウ
910	ユニクロ	ユニクロ／ジーユー　オンライン　下鴨萩ケ垣内町
911	ユニクロ	ユニクロ／ジーユー　オンライン　興南町
912	ユニクロ	ユニクロ／ジーユー　オンライン　上風連
913	ユニクロ	ＵＮＩＱＬＯ／ＧＵ　ＯＮＬＩＮＥ　仁井田本町
914	ユニクロ	ユニクロ　松角
915	ユニクロ	ユニクロ　ジーユー　オンライン　ハマサカ
916	ユニクロ	ユニクロ　里白石
917	ユニクロ	ユニクロ　キタ４ジョウ
918	ユニクロ	ＵＮＩＱＬＯ　南赤田
919	ユニクロ	ユニクロ／ジーユー　オンライン　舞木東
920	ユニクロ	ユニクロ　マツガオカニシマチ
921	ユニクロ	ユニクロ　芋沢
922	ユニクロ	ＵＮＩＱＬＯ　ＧＵ　ＯＮＬＩＮＥ　京北下黒田町
923	ユニクロ	ユニクロ　笠幡
924	ユニクロ	ＵＮＩＱＬＯ　ＧＵ　ＯＮＬＩＮＥ　水口
925	ユニクロ	ＵＮＩＱＬＯ／ＧＵ　ＯＮＬＩＮＥ　小泊小泊
926	ユニクロ	ユニクロ　クボガワラ
927	ユニクロ	ＵＮＩＱＬＯ　ＧＵ　ＯＮＬＩＮＥ　本郷町本谷
928	ユニクロ	ユニクロ／ジーユー　オンライン　下津穂所町
929	ユニクロ	ユニクロ　カワラマチ
930	ユニクロ	ユニクロ　東田
931	ユニクロ	ユニクロ　生出山田町
932	ユニクロ	ユニクロ／ジーユー　オンライン　西川岸町
933	ユニクロ	ユニクロ　奥田本町
934	ユニクロ	ユニクロ　雁金町（岩上通綾小路下る、岩上通仏光寺上る）
935	ユニクロ	ユニクロ　ミズサワミナミマチ
936	ユニクロ	ユニクロ　セキヤマ（クマドウヤマ、ミョウコウサン
937	ユニクロ	ユニクロ／ジーユー　オンライン　大谷
938	ユニクロ	ユニクロ　横水町
939	ユニクロ	ユニクロ　ウズマサハカマダチョウ
940	ユニクロ	ユニクロ　羽田町
941	ユニクロ	ユニクロ　中郷区岡沢
942	ユニクロ	ユニクロ　トヨハラチョウ
943	ユニクロ	ユニクロ　ナカオオクボ
944	ユニクロ	ユニクロ　神明
945	ユニクロ	ユニクロ／ジーユー　オンライン　深瀬新町
946	ユニクロ	ユニクロ　ジーユー　オンライン　イワカミチョウ
947	ユニクロ	ユニクロ　イズシチョウシモタニ
948	ユニクロ	ユニクロ　サイジョウチョウサイジョウヒガシ
949	ユニクロ	ＵＮＩＱＬＯ／ＧＵ　ＯＮＬＩＮＥ　神岡町土
950	ユニクロ	ユニクロ　晒屋
951	ユニクロ	ユニクロ　山田町下谷上（大上谷、修法ケ原、中一里山「９番地の
952	ユニクロ	ＵＮＩＱＬＯ／ＧＵ　ＯＮＬＩＮＥ　上呰部
953	ユニクロ	ユニクロ　小和森上平田
954	ユニクロ	ユニクロ　東城町受原（隠地、中ノ谷）
955	ユニクロ	ユニクロ　緑町
956	ユニクロ	ユニクロ　西新宿新宿三井ビル（３９階）
957	ユニクロ	ユニクロ　西御門町
958	ユニクロ	ユニクロ　キジョシンデン
959	ユニクロ	ユニクロ　ジーユー　オンライン　フクモトチョウ
960	ユニクロ	ユニクロ　ヒトマルチョウ
961	ユニクロ	ユニクロ／ジーユー　オンライン　師戸
962	ユニクロ	ユニクロ　永野町
963	ユニクロ	ＵＮＩＱＬＯ　海神町西
964	ユニクロ	ユニクロ　飴屋町
965	ユニクロ	ユニクロ　トミ
966	ユニクロ	ユニクロ　ハチマンチョウ
967	ユニクロ	ユニクロ　オオマツチョウ
968	ユニクロ	ユニクロ　今
969	ユニクロ	ＵＮＩＱＬＯ　萩原町桜洞
970	ユニクロ	ＵＮＩＱＬＯ　南町
971	ユニクロ	ユニクロ　クノウ
972	ユニクロ	ユニクロ　甲子園浜
973	ユニクロ	ユニクロ　塩岡
974	ユニクロ	ユニクロ　大宮通
975	ユニクロ	ユニクロ　中神立町
976	ユニクロ	ＵＮＩＱＬＯ　ＧＵ　ＯＮＬＩＮＥ　丸の内グラントウキョウサウスタ
977	ユニクロ	ユニクロ　ワカギチョウ
978	ユニクロ	ＵＮＩＱＬＯ　大町
979	ユニクロ	ユニクロ　ムカイシンデン
980	ユニクロ	ユニクロ　坂口通
981	ユニクロ	ユニクロ　乙原
982	ユニクロ	ユニクロ　今福町
983	ユニクロ	ユニクロ　北浦
984	ユニクロ	ＵＮＩＱＬＯ／ＧＵ　ＯＮＬＩＮＥ　吉田吉栄
985	ユニクロ	ユニクロ　ジーユー　オンライン　アイサワ
986	ユニクロ	ユニクロ　オオホ
987	ユニクロ	ユニクロ　ニシヤギサキ
988	ユニクロ	ユニクロ　オウジホンマチ
989	ユニクロ	ユニクロ　桑原
990	ユニクロ	ユニクロ　フクヨリ
991	ユニクロ	ユニクロ　西院西中水町
992	ユニクロ	ユニクロ　下百々
993	ユニクロ	ユニクロ　ミズシマアイオイチョウ
994	ユニクロ	ユニクロ　佐目町
995	ユニクロ	ユニクロ　コフネチョウ
996	ユニクロ	ユニクロ　サンゲ
997	ユニクロ	ユニクロ　関新田
998	ユニクロ	ユニクロ　ジーユー　オンライン　ヨシカワ
999	ユニクロ	ユニクロ　ジーユー　オンライン　シイタカハダイ
1000	ユニクロ	ＵＮＩＱＬＯ　ＧＵ　ＯＮＬＩＮＥ　渋谷渋谷スクランブルスクエア（
1001	ユニクロ	ユニクロ　南外平形
1002	ユニクロ	ユニクロ／ジーユー　オンライン　三本木音無
1003	ユニクロ	ユニクロ　小坂
1004	ユニクロ	ユニクロ　ウエキマチヤマモト
1005	ユニクロ	ユニクロ　幾栄
1006	ユニクロ	ユニクロ　ハラダチョウ
1007	ユニクロ	ユニクロ　大石
1008	ユニクロ	ユニクロ　一迫上大土
1009	ユニクロ	ユニクロ　植木町古閑
1010	ユニクロ	ユニクロ　松館井ノ上
1011	ユニクロ	ユニクロ　札内町（５、９、１１－１２、３６、４２－２、６２、８
1012	ユニクロ	ユニクロ　城見パナソニックタワー（２７階）
1013	ユニクロ	ユニクロ／ジーユー　オンライン　小曲
1014	ユニクロ	ユニクロ／ジーユー　オンライン　大月（１～３丁目）
1015	ユニクロ	ユニクロ　大宮町
1016	ユニクロ	ユニクロ　西新宿新宿住友ビル（５１階）
1017	ユニクロ	ユニクロ／ジーユー　オンライン　倉見
1018	ユニクロ	ＵＮＩＱＬＯ　柳馬場西入）
1019	ユニクロ	ユニクロ　カンナリオキナザワ
1020	ユニクロ	ユニクロ　エキナン
1021	ユニクロ	ユニクロ　上黒川
1022	ユニクロ	ユニクロ／ジーユー　オンライン　一ケ谷町
1023	ユニクロ	ユニクロ　葛巻西町
1024	ユニクロ	ユニクロ　元善町
1025	ユニクロ	ユニクロ　イチバチョウオオマタ
1026	ユニクロ	ユニクロ　松坂町
1027	ユニクロ	ユニクロ　ナトリ
1028	ユニクロ	ユニクロ　丸山町
1029	ユニクロ	ユニクロ　ジーユー　オンライン　チカラ
1030	ユニクロ	ユニクロ　ツバハラマチ
1031	ユニクロ	ユニクロ　山口
1032	ユニクロ	ユニクロ　国見町小熊毛
1033	ユニクロ	ユニクロ　長沢
1034	ユニクロ	ユニクロ　カナヤマチョウ
1035	ユニクロ	ユニクロ　ショウワハッチョウメ
1036	ユニクロ	ユニクロ　フクヨシ
1037	ユニクロ	ユニクロ　新川町
1038	ユニクロ	ユニクロ　船居
1039	ユニクロ	ＵＮＩＱＬＯ　柴高
1040	ユニクロ	ユニクロ　国東町川原
1041	ユニクロ	ユニクロ　倉治（番地）
1042	ユニクロ	ユニクロ　アライ
1043	ユニクロ	ＵＮＩＱＬＯ　ＧＵ　ＯＮＬＩＮＥ　井倉新町
1044	ユニクロ	ユニクロ　生田町
1045	ユニクロ	ユニクロ　ミスミマチハタ
1046	ユニクロ	ユニクロ　カンザキマチツル（１－２９９９バンチ）
1047	ユニクロ	ユニクロ　津西
1048	ユニクロ	ユニクロ／ジーユー　オンライン　濁沢町
1049	ユニクロ	ユニクロ　サワラロ
1050	ユニクロ	ユニクロ　榛原雨師
1051	ユニクロ	ユニクロ　チハラ
1052	ユニクロ	ユニクロ／ジーユー　オンライン　走水
1053	ユニクロ	ユニクロ　初森
1054	ユニクロ	ユニクロ　紫雲古津
1055	ユニクロ	ユニクロ　美和
1056	ユニクロ	ユニクロ　三井楽町丑ノ浦
1057	ユニクロ	ユニクロ　丹生
1058	ユニクロ	ユニクロ　テラグ
1059	ユニクロ	ユニクロ　花田
1060	ユニクロ	ユニクロ　ナカト
1061	ユニクロ	ユニクロ　ミンマヤカマノサワ
1062	ユニクロ	ユニクロ　鷺ノ森南ノ丁
1063	ユニクロ	ユニクロ　ヨンチョウメ
1064	ユニクロ	ユニクロ　菩提木
1065	ユニクロ	ユニクロ　オカ
1066	ユニクロ	ユニクロ　南波平
1067	ユニクロ	ユニクロ　シラガ
1068	ユニクロ	ＵＮＩＱＬＯ　双海
1069	ユニクロ	ユニクロ　志津川蒲の沢
1070	ユニクロ	ユニクロ　ジーユー　オンライン　キノシタ
1071	ユニクロ	ユニクロ　矢嶋
1072	ユニクロ	ＵＮＩＱＬＯ／ＧＵ　ＯＮＬＩＮＥ　東沼
1073	ユニクロ	ユニクロ　サンゴウ
1074	ユニクロ	ユニクロ　小竹
1075	ユニクロ	ユニクロ　レンニョマチ
1076	ユニクロ	ユニクロ　坂井
1077	ユニクロ	ユニクロ　上河原通
1078	ユニクロ	ユニクロ　カジキチョウニシベップ
1079	ユニクロ	ユニクロ　小矢戸
1080	ユニクロ	ユニクロ　吾妻
1081	ユニクロ	ユニクロ　アケボノ
1082	ユニクロ	ユニクロ　シンチ
1083	ユニクロ	ユニクロ　クウコウマエ
1084	ユニクロ	ユニクロ　上奥富
1085	ユニクロ	ＵＮＩＱＬＯ　ＧＵ　ＯＮＬＩＮＥ　興南町
1086	ユニクロ	ユニクロ　ジーユー　オンライン　カキザキクエジマシンデン
1087	ユニクロ	ユニクロ　ジーユー　オンライン　オンベツチョウフウレン
1088	ユニクロ	ユニクロ　伊喜末
1089	ユニクロ	ユニクロ　ナカガワ
1090	ユニクロ	ユニクロ　シモガワラ
1091	ユニクロ	ユニクロ　ホウナンチョウニシ
1092	ユニクロ	ユニクロ　イズシチョウナガスナ
1093	ユニクロ	ＵＮＩＱＬＯ　ＧＵ　ＯＮＬＩＮＥ　別所町
1094	ユニクロ	ユニクロ　モロコザワ
1095	ユニクロ	ユニクロ　表郷八幡
1096	ユニクロ	ユニクロ　タカサゴマチ
1097	ユニクロ	ユニクロ　アマイケマチ
1098	ユニクロ	ユニクロ　クワマ
1099	ユニクロ	ユニクロ　阿寒町飽別
1100	ユニクロ	ユニクロ　マサキキタマチ
1101	ユニクロ	ユニクロ　新地
1102	ユニクロ	ユニクロ　万田
1103	ユニクロ	ユニクロ　ウエダ
1104	ユニクロ	ユニクロ　宮河町
1105	ユニクロ	ユニクロ　ヒラタチョウニシジマ
1106	ユニクロ	ユニクロ　キタヤスエ
1107	ユニクロ	ユニクロ　質美
1108	ユニクロ	ユニクロ　瓦屋町
1109	ユニクロ	ユニクロ　タイユウミヤタ
1110	ユニクロ	ユニクロ　イチウ（オオザコ、オクオオノ、カワマタ、サネヒラ
1111	ユニクロ	ユニクロ　豊田町稲光
1112	ユニクロ	ＵＮＩＱＬＯ　ＧＵ　ＯＮＬＩＮＥ　名取
1113	ユニクロ	ユニクロ　手稲本町二条
1114	ユニクロ	ユニクロ　中島町
1115	ユニクロ	ユニクロ　ハグロマチホソヤ
1116	ユニクロ	ユニクロ　儀徳町
1117	ユニクロ	ユニクロ　ジーユー　オンライン　ニイサトチョウコバヤシ
1118	ユニクロ	ユニクロ　横大路北ノ口町
1119	ユニクロ	ユニクロ　ミヤタシンメイチョウテンノウ
1120	ユニクロ	ユニクロ　ウシゴメ
1121	ユニクロ	ユニクロ　クズハナカマチ
1122	ユニクロ	ユニクロ　ニシアカエチョウ
1123	ユニクロ	ユニクロ　吉舎町海田原
1124	ユニクロ	ユニクロ　大崎
1125	ユニクロ	ユニクロ　フナサキ
1126	ユニクロ	ＵＮＩＱＬＯ　新賀町
1127	ユニクロ	ユニクロ　別海常盤町
1128	ユニクロ	ユニクロ／ジーユー　オンライン　我如古
1129	ユニクロ	ユニクロ　タカラマチ
1130	ユニクロ	ユニクロ　イノクラシンマチ
1131	ユニクロ	ユニクロ　久美浜町畑
1132	ユニクロ	ユニクロ　オグニマチニホンヤナギ
1133	ユニクロ	ユニクロ　カミカワサリ
1134	ユニクロ	ＵＮＩＱＬＯ　上太田
1135	ユニクロ	ユニクロ　暑寒町
1136	ユニクロ	ユニクロ　厚別北三条
1137	ユニクロ	ユニクロ／ジーユー　オンライン　飛内
1138	ユニクロ	ユニクロ　天王台
1139	ユニクロ	ＵＮＩＱＬＯ／ＧＵ　ＯＮＬＩＮＥ　坂口通
1140	ユニクロ	ユニクロ　湖城町
1141	ユニクロ	ユニクロ　東三十一条北
1142	ユニクロ	ユニクロ　カミガモマエダチョウ
1143	ユニクロ	ユニクロ／ジーユー　オンライン　羽田
1144	ユニクロ	ユニクロ　東本町
1145	ユニクロ	ユニクロ　カミオオツカシンデン
1146	ユニクロ	ユニクロ　堀込
1147	ユニクロ	ユニクロ　皆葉
1148	ユニクロ	ユニクロ　マルノウチ（ツギノビルヲノゾク）
1149	ユニクロ	ユニクロ　カワウラチョウ
1150	ユニクロ	ユニクロ　ジーユー　オンライン　アリタマニシマチ
1151	ユニクロ	ユニクロ　ニシガオカ
1152	ユニクロ	ユニクロ　ヨシイノウジョウ（ヨシイ）
1153	ユニクロ	ユニクロ　日の出町
1154	ユニクロ	ＵＮＩＱＬＯ　末広
1155	ユニクロ	ユニクロ　平折町
1156	ユニクロ	ユニクロ　ヒライシチョウ
1157	ユニクロ	ユニクロ　利賀村岩渕
1158	ユニクロ	ユニクロ　西新宿新宿三井ビル（地階・階層不明）
1159	ユニクロ	ユニクロ／ジーユー　オンライン　時田
1160	ユニクロ	ユニクロ　戸出曙町
1161	ユニクロ	ユニクロ　ヘイワチョウ
1162	ユニクロ	ユニクロ　星井町
1163	ユニクロ	ユニクロ　醍醐御園尾町
1164	ユニクロ	ユニクロ　シヅハラ
1165	ユニクロ	ユニクロ　ニシヒオキ
1166	ユニクロ	ユニクロ　ジーユー　オンライン　タマモトチョウ
1167	ユニクロ	ユニクロ　鼎切石
1168	ユニクロ	ユニクロ　ノグルミ
1169	ユニクロ	ユニクロ　田町
1170	ユニクロ	ユニクロ　西新宿新宿センタービル（４６階
1171	ユニクロ	ユニクロ　鶴羽美
1172	ユニクロ	ユニクロ／ジーユー　オンライン　藪
1173	ユニクロ	ユニクロ　大黒田町
1174	ユニクロ	ユニクロ　カミマチ
1175	ユニクロ	ユニクロ　長松
1176	ユニクロ	ユニクロ　界川
1177	ユニクロ	ＵＮＩＱＬＯ　香北町萩野
1178	ユニクロ	ＵＮＩＱＬＯ　古町川尻
1179	ユニクロ	ユニクロ　中吉田
1180	ユニクロ	ユニクロ　倉橋
1181	ユニクロ	ＵＮＩＱＬＯ　ＧＵ　ＯＮＬＩＮＥ　岡出
1182	ユニクロ	ユニクロ　豊里町保手
1183	ユニクロ	ＵＮＩＱＬＯ／ＧＵ　ＯＮＬＩＮＥ　中川
1184	ユニクロ	ユニクロ　西豊井（幸町）
1185	ユニクロ	ユニクロ　忍海
1186	ユニクロ	ユニクロ　シンバシチョウ
1187	ユニクロ	ユニクロ　大森稲荷
1188	ユニクロ	ユニクロ　片掛
1189	ユニクロ	ユニクロ／ジーユー　オンライン　福原農場（福原）
1190	ユニクロ	ユニクロ　イズシチジョウチョウ
1191	ユニクロ	ユニクロ　ムギツカ
1192	ユニクロ	ユニクロ　飯島文京町
1193	ユニクロ	ユニクロ　オキワタシ
1194	ユニクロ	ユニクロ　細江
1195	ユニクロ	ＵＮＩＱＬＯ　ＧＵ　ＯＮＬＩＮＥ　大東町遠所
1196	ユニクロ	ＵＮＩＱＬＯ　ＧＵ　ＯＮＬＩＮＥ　荒武
1197	ユニクロ	ユニクロ　イシカワヒガシオンナ
1198	ユニクロ	ユニクロ　浜松町世界貿易センタービル（３
1199	ユニクロ	ユニクロ　ヒガシヤマタ
1200	ユニクロ	ユニクロ　カノウ
1201	ユニクロ	ユニクロ　関柴町西勝
1202	ユニクロ	ＵＮＩＱＬＯ　室生多田
1203	ユニクロ	ユニクロ　千種通
1204	ユニクロ	ユニクロ　須玉町若神子
1205	ユニクロ	ＵＮＩＱＬＯ　ＧＵ　ＯＮＬＩＮＥ　中央アエル（６階）
1206	ユニクロ	ユニクロ　ナガマチ
1207	ユニクロ	ユニクロ　イチヤマ
1208	ユニクロ	ユニクロ　タテイワナカムラ
1209	ユニクロ	ＵＮＩＱＬＯ　山手台新町
1210	ユニクロ	ユニクロ　セキチョウエチガワ
1211	ユニクロ	ユニクロ　ノボリベツオンセンチョウ
1212	ユニクロ	ユニクロ　ゴフクモトマチ
1213	ユニクロ	ユニクロ　津橋
1214	ユニクロ	ＵＮＩＱＬＯ　ＧＵ　ＯＮＬＩＮＥ　戸田
1215	ユニクロ	ＵＮＩＱＬＯ　山都町西川
1216	ユニクロ	ユニクロ　永島
1217	ユニクロ	ユニクロ　樋沢
1218	ユニクロ	ユニクロ　大原口突抜町
1219	ユニクロ	ユニクロ　ジーユー　オンライン　カンノウ
1220	ユニクロ	ユニクロ　植木町山本
1221	ユニクロ	ユニクロ　マンネンシンチ
1222	ユニクロ	ユニクロ　トヨタチョウイマデ
1223	ユニクロ	ユニクロ　多沢
1224	ユニクロ	ユニクロ　モモヤマチョウオオバラ
1225	ユニクロ	ユニクロ　田間
1226	ユニクロ	ユニクロ　ライバチョウ
1227	ユニクロ	ユニクロ　セキシバマチミツイ
1228	ユニクロ	ユニクロ　ジーユー　オンライン　モトイチバ
1229	ユニクロ	ユニクロ　イシズエ
1230	ユニクロ	ＵＮＩＱＬＯ　中原西
1231	ユニクロ	ユニクロ　カミアガタマチカイドコロ
1232	ユニクロ	ユニクロ　オオザトオオシロ
1233	ユニクロ	ユニクロ　ロッポンギロッポンギヒルズモリタワー（
1234	ユニクロ	ＵＮＩＱＬＯ　昭和八丁目
1235	ユニクロ	ユニクロ　曲木
1236	ユニクロ	ユニクロ／ジーユー　オンライン　御供田
1237	ユニクロ	ユニクロ　チョウカ
1238	ユニクロ	ユニクロ　ジーユー　オンライン　ウラガワラクインナイ
1239	ユニクロ	ユニクロ　ウシガサネ
1240	ユニクロ	ユニクロ　ニシバラト
1241	ユニクロ	ユニクロ　タカサゴチョウ
1242	ユニクロ	ユニクロ　トサヤマダチョウカミアナナイ
1243	ユニクロ	ユニクロ　ナカカンダツマチ
1244	ユニクロ	ユニクロ　芹田
1245	ユニクロ	ユニクロ　タシロ
1246	ユニクロ	ユニクロ　自力町
1247	ユニクロ	ユニクロ　ミズヤマチ
1248	ユニクロ	ＵＮＩＱＬＯ／ＧＵ　ＯＮＬＩＮＥ　五雲岱
1249	ユニクロ	ユニクロ／ジーユー　オンライン　砂川
1250	ユニクロ	ユニクロ　興南町
1251	ユニクロ	ユニクロ／ジーユー　オンライン　沢岻
1252	ユニクロ	ユニクロ　イタコイシザカイ
1253	ユニクロ	ユニクロ　中井町
1254	ユニクロ	ユニクロ　フナカタ
1255	ユニクロ	ＵＮＩＱＬＯ　鷺ノ森南ノ丁
1256	ユニクロ	ユニクロ　新庄町
1257	ユニクロ	ユニクロ　柏堂町
1258	ユニクロ	ユニクロ　ヤマダ
1259	ユニクロ	ユニクロ　鉾田町
1260	ユニクロ	ユニクロ　トラノモンカミヤチョウトラストタワー（３
1261	ユニクロ	ユニクロ　大原勝林院町
1262	ユニクロ	ユニクロ　上町
1263	ユニクロ	ユニクロ／ジーユー　オンライン　きよみ野
1264	ユニクロ	ユニクロ　ウタツシラヤマ
1265	ユニクロ	ユニクロ　イカリ
1266	ユニクロ	ユニクロ　ウワノ
1267	ユニクロ	ユニクロ　ナツマギ
1268	ユニクロ	ユニクロ　ミツギシンデン
1269	ユニクロ	ユニクロ　テンガン
1270	ユニクロ	ユニクロ／ジーユー　オンライン　保田
1271	ユニクロ	ユニクロ　ベツカイトキワチョウ
1272	ユニクロ	ユニクロ　桃町
1273	ユニクロ	ユニクロ　鴛泊
1274	ユニクロ	ユニクロ　イワセコシマチ
1275	ユニクロ	ユニクロ　イシ
1276	ユニクロ	ユニクロ　スミエマチ
1277	ユニクロ	ユニクロ　イマヅタツミチョウ
1278	ユニクロ	ユニクロ　アラヤマチマツイ
1279	ユニクロ	ユニクロ　イカワダニチョウイブキ
1280	ユニクロ	ユニクロ　法師庵
1281	ユニクロ	ユニクロ　フクハマニシマチ
1282	ユニクロ	ユニクロ　西押川
1283	ユニクロ	ユニクロ　タツダ
1284	ユニクロ	ユニクロ　総進
1285	ユニクロ	ユニクロ　オオバヤシチョウ
1286	ユニクロ	ユニクロ　ゴウブ
1287	ユニクロ	ユニクロ　グミザワハラ
1288	ユニクロ	ユニクロ　ニシモトジュク
1289	ユニクロ	ＵＮＩＱＬＯ　美和
1290	ユニクロ	ユニクロ　西有年
1291	ユニクロ	ユニクロ　ソノハラチョウ
1292	ユニクロ	ユニクロ　下江戸
1293	ユニクロ	ユニクロ　今津曙町
1294	ユニクロ	ユニクロ　山崎町春安
1295	ユニクロ	ユニクロ　湯ケ島
1296	ユニクロ	ユニクロ　下川原
1297	ユニクロ	ユニクロ　ヒロ
1298	ユニクロ	ユニクロ　中洲
1299	ユニクロ	ユニクロ／ジーユー　オンライン　立山
1300	ユニクロ	ユニクロ　新屋敷
1301	ユニクロ	ユニクロ／ジーユー　オンライン　金成翁沢
1302	ユニクロ	ユニクロ　ジーユー　オンライン　カワシマアワタチョウ
1303	ユニクロ	ＵＮＩＱＬＯ　ＧＵ　ＯＮＬＩＮＥ　松屋町
1304	ユニクロ	ユニクロ　富里
1305	ユニクロ	ＵＮＩＱＬＯ　ＧＵ　ＯＮＬＩＮＥ　津志田
1306	ユニクロ	ユニクロ　有田団地
1307	ユニクロ	ユニクロ　タツネウシ
1308	ユニクロ	ユニクロ　大沼田町
1309	ユニクロ	ユニクロ　イケダチョウニシヤマ（シモノウラ）
1310	ユニクロ	ＵＮＩＱＬＯ　須々万本郷
1311	ユニクロ	ユニクロ　小佐々町矢岳
1312	ユニクロ	ユニクロ　城見ＭＩＤタワー（１５階）
1313	ユニクロ	ユニクロ　魚見
1314	ユニクロ	ユニクロ　ヤバタ
1315	ユニクロ	ユニクロ　寺泊当新田
1316	ユニクロ	ユニクロ　東江上
1317	ユニクロ	ユニクロ　２９２５バンチ）
1318	ユニクロ	ユニクロ　田中町
1319	ユニクロ	ユニクロ　タガミホンマチ
1320	ユニクロ	ＵＮＩＱＬＯ／ＧＵ　ＯＮＬＩＮＥ　浜町
1321	ユニクロ	ユニクロ　西大通り
1322	ユニクロ	ユニクロ　キラチョウオカヤマ
1323	ユニクロ	ユニクロ　マンリキ
1324	ユニクロ	ユニクロ　北会津町大島
1325	ユニクロ	ユニクロ　中央ＳＳ３０住友生命仙台中央ビル（２５
1326	ユニクロ	ユニクロ　クニミマチセンド
1327	ユニクロ	ユニクロ　カネブチオツ
1328	ユニクロ	ユニクロ　美山町上平屋
1329	ユニクロ	ユニクロ　沢根炭屋町
1330	ユニクロ	ユニクロ　下佐見
1331	ユニクロ	ＵＮＩＱＬＯ　郷本町
1332	ユニクロ	ユニクロ　ワキチョウ
1333	ユニクロ	ＵＮＩＱＬＯ／ＧＵ　ＯＮＬＩＮＥ　下之町
1334	ユニクロ	ユニクロ／ジーユー　オンライン　鴨沢
1335	ユニクロ	ＵＮＩＱＬＯ／ＧＵ　ＯＮＬＩＮＥ　川口相川
1336	ユニクロ	ユニクロ　ヤカネ
1337	ユニクロ	ＵＮＩＱＬＯ　ＧＵ　ＯＮＬＩＮＥ　星鹿町青島免
1338	ユニクロ	ユニクロ　浅茅野
1339	ユニクロ	ユニクロ　横松上町
1340	ユニクロ	ユニクロ　ハルミチョウ
1341	ユニクロ	ユニクロ　カサマツチョウ
1342	ユニクロ	ユニクロ　キタベッシヨ
1343	ユニクロ	ユニクロ　松木
1344	ユニクロ	ユニクロ　赤坂ミッドタウン・タワー（８階
1345	ユニクロ	ユニクロ　吉井農場（吉井）
1346	ユニクロ	ＵＮＩＱＬＯ／ＧＵ　ＯＮＬＩＮＥ　山下
1347	ユニクロ	ユニクロ　ホンマチ
1348	ユニクロ	ユニクロ　シモアイ
1349	ユニクロ	ユニクロ　ジーユー　オンライン　ハヤシヤマチョウ
1350	ユニクロ	ＵＮＩＱＬＯ／ＧＵ　ＯＮＬＩＮＥ　竹田
1351	ユニクロ	ＵＮＩＱＬＯ／ＧＵ　ＯＮＬＩＮＥ　兵衛
1352	ユニクロ	ＵＮＩＱＬＯ　鏡大利
1353	ユニクロ	ユニクロ　ジーユー　オンライン　タカハギヒガシ
1354	ユニクロ	ユニクロ　タカハラホンマチ
1355	ユニクロ	ユニクロ　シモヒラノチョウ
1356	ユニクロ	ユニクロ　ホンマチニシ
1357	ユニクロ	ユニクロ　オノツ
1358	ユニクロ	ユニクロ　五番町川原
1359	ユニクロ	ユニクロ　シワヒメシンアガト
1360	ユニクロ	ユニクロ　ヤマサキチョウヤマサキ
1361	ユニクロ	ユニクロ／ジーユー　オンライン　西下条町
1362	ユニクロ	ユニクロ　トマリ
1363	ユニクロ	ユニクロ　ゴリョウタニマチ
1364	ユニクロ	ユニクロ　那賀川町苅屋
1365	ユニクロ	ユニクロ　ジーユー　オンライン　マチヤ
1366	ユニクロ	ユニクロ　岩根町
1367	ユニクロ	ユニクロ　石切畑
1368	ユニクロ	ユニクロ　上野寿町
1369	ユニクロ	ユニクロ　タカダ
1370	ユニクロ	ＵＮＩＱＬＯ　栄町
1371	ユニクロ	ユニクロ　ジユウガオカ
1372	ユニクロ	ユニクロ　中熊（先内）
1373	ユニクロ	ユニクロ　オロシマチ
1374	ユニクロ	ユニクロ　ジーユー　オンライン　カミエベツ
1375	ユニクロ	ＵＮＩＱＬＯ　ＧＵ　ＯＮＬＩＮＥ　衣川懸田
1376	ユニクロ	ユニクロ　コマガタマチ
1377	ユニクロ	ユニクロ　北勢町川原
1378	ユニクロ	ユニクロ　町保
1379	ユニクロ	ユニクロ　三和町
1380	ユニクロ	ユニクロ　ナカニシノヤ
1381	ユニクロ	ユニクロ　西大島
1382	ユニクロ	ＵＮＩＱＬＯ／ＧＵ　ＯＮＬＩＮＥ　下苗代川目
1383	ユニクロ	ユニクロ　ナナサキ
1384	ユニクロ	ユニクロ　上田東
1385	ユニクロ	ユニクロ　舞子坂
1386	ユニクロ	ユニクロ　ドウブツ
1387	ユニクロ	ユニクロ　エンメイジ
1388	ユニクロ	ユニクロ　馬見塚
1389	ユニクロ	ユニクロ　ニシシンジュクスミトモフドウサンシンジュ
1390	ユニクロ	ユニクロ　オッパラ
1391	ユニクロ	ユニクロ　今町
1392	ユニクロ	ユニクロ　原釜
1393	ユニクロ	ユニクロ　ウチノ
1394	ユニクロ	ユニクロ　三方原町
1395	ユニクロ	ユニクロ　流岡町
1396	ユニクロ	ユニクロ　西田町丹伊田
1397	ユニクロ	ユニクロ　川尻町
1398	ユニクロ	ユニクロ　ヤマガワシンセイチョウ
1399	ユニクロ	ユニクロ　高柳町岡野町
1400	ユニクロ	ユニクロ　上之庄
1401	ユニクロ	ユニクロ　大庭
1402	ユニクロ	ユニクロ　飛森
1403	ユニクロ	ＵＮＩＱＬＯ／ＧＵ　ＯＮＬＩＮＥ　紙子屋町
1404	ユニクロ	ユニクロ　不動
1405	ユニクロ	ＵＮＩＱＬＯ／ＧＵ　ＯＮＬＩＮＥ　大工町
1406	ユニクロ	ユニクロ　ナガツタミナミダイ
1407	ユニクロ	ＵＮＩＱＬＯ　太田３の通り
1408	ユニクロ	ユニクロ　ナカバタケ
1409	ユニクロ	ユニクロ　西川岸町
1410	ユニクロ	ユニクロ　宮窪町余所国
1411	ユニクロ	ユニクロ　ナカヤマ
1412	ユニクロ	ユニクロ　吉浦西城町
1413	ユニクロ	ＵＮＩＱＬＯ　二丈一貴山
1414	ユニクロ	ＵＮＩＱＬＯ／ＧＵ　ＯＮＬＩＮＥ　増間
1415	ユニクロ	ユニクロ　鵜飼八人打
1416	ユニクロ	ユニクロ　ホウライチョウ
1417	ユニクロ	ＵＮＩＱＬＯ／ＧＵ　ＯＮＬＩＮＥ　北安江
1418	ユニクロ	ユニクロ　ダイクチョウ
1419	ユニクロ	ＵＮＩＱＬＯ／ＧＵ　ＯＮＬＩＮＥ　湖城が丘
1420	ユニクロ	ＵＮＩＱＬＯ　ＧＵ　ＯＮＬＩＮＥ　上分甲
1421	ユニクロ	ユニクロ　トヨオカキンデン
1422	ユニクロ	ユニクロ　ヤマゴエヒガシチョウ
1423	ユニクロ	ＵＮＩＱＬＯ　ＧＵ　ＯＮＬＩＮＥ　大井戸町
1424	ユニクロ	ユニクロ　オオテ
1425	ユニクロ	ユニクロ　ジーユー　オンライン　ニシガタ（シタタ）
1426	ユニクロ	ユニクロ　ノムラチョウトミノカワ
1427	ユニクロ	ユニクロ　美郷下城戸
1428	ユニクロ	ユニクロ　ジーユー　オンライン　ウシロクボ
1429	ユニクロ	ユニクロ　カサマ
1430	ユニクロ	ＵＮＩＱＬＯ／ＧＵ　ＯＮＬＩＮＥ　吉川町田谷
1431	ユニクロ	ユニクロ　茂尻町
1432	ユニクロ	ユニクロ　タカナシチョウ
1433	ユニクロ	ユニクロ　ジーユー　オンライン　ゲイン
1434	ユニクロ	ユニクロ　サイガワサキヤマ
1435	ユニクロ	ユニクロ　キタゴウ２ジョウ
1436	ユニクロ	ユニクロ　上野町
1437	ユニクロ	ユニクロ　広瀬北町
1438	ユニクロ	ユニクロ　玉川町下切
1439	ユニクロ	ユニクロ　日本橋日本橋高島屋三井ビルディング（２
1440	ユニクロ	ユニクロ　キャン
1441	ユニクロ	ユニクロ　北田原
1442	ユニクロ	ユニクロ／ジーユー　オンライン　北四条西（１～１９丁目）
1443	ユニクロ	ユニクロ／ジーユー　オンライン　肴町
1444	ユニクロ	ユニクロ　陶生町
1445	ユニクロ	ユニクロ　北七条東
1446	ユニクロ	ユニクロ　春光７条
1447	ユニクロ	ユニクロ　奥山田
1448	ユニクロ	ユニクロ　ミヤマチ
1449	ユニクロ	ユニクロ　田中
1450	ユニクロ	ユニクロ　キクザカチョウ
1451	ユニクロ	ユニクロ　郡
1452	ユニクロ	ユニクロ　トガムラクリトウ
1453	ユニクロ	ユニクロ　コバマ
1454	ユニクロ	ユニクロ　アゲイ
1455	ユニクロ	ユニクロ　挾間町医大ケ丘
1456	ユニクロ	ユニクロ　イマジュクニシチョウ
1457	ユニクロ	ＵＮＩＱＬＯ／ＧＵ　ＯＮＬＩＮＥ　西長岡町
1458	ユニクロ	ユニクロ　蒲田一本松
1459	ユニクロ	ユニクロ　内町
1460	ユニクロ	ユニクロ　ニシノキョウコボリチョウ
1461	ユニクロ	ユニクロ　ナカトイカン
1462	ユニクロ	ＵＮＩＱＬＯ／ＧＵ　ＯＮＬＩＮＥ　下油掛町
1463	ユニクロ	ユニクロ　延広町
1464	ユニクロ	ユニクロ　狩場沢
1465	ユニクロ	ユニクロ　野々上
1466	ユニクロ	ユニクロ　フチュウ
1467	ユニクロ	ＵＮＩＱＬＯ／ＧＵ　ＯＮＬＩＮＥ　箕輪町
1468	ユニクロ	ユニクロ／ジーユー　オンライン　瀬古泉
1469	ユニクロ	ユニクロ　カシニシ
1470	ユニクロ	ユニクロ　イワナミ
1471	ユニクロ	ＵＮＩＱＬＯ／ＧＵ　ＯＮＬＩＮＥ　三幸町
1472	ユニクロ	ＵＮＩＱＬＯ／ＧＵ　ＯＮＬＩＮＥ　西根
1473	ユニクロ	ユニクロ　ヤカタマチ
1474	ユニクロ	ユニクロ　三島町
1475	ユニクロ	ユニクロ　神田町
1476	ユニクロ	ユニクロ　モンデンマチクロイワ
1477	ユニクロ	ユニクロ　有田町
1478	ユニクロ	ユニクロ／ジーユー　オンライン　石和町広瀬
1479	ユニクロ	ユニクロ　平楽
1480	ユニクロ	ユニクロ　ホウマ
1481	ユニクロ	ユニクロ　福岡町大野（桜木町）
1482	ユニクロ	ＵＮＩＱＬＯ　ＧＵ　ＯＮＬＩＮＥ　大新田
1483	ユニクロ	ユニクロ　神埼町田道ケ里
1484	ユニクロ	ＵＮＩＱＬＯ　岩瀬古志町
1485	ユニクロ	ＵＮＩＱＬＯ　ＧＵ　ＯＮＬＩＮＥ　西新宿新宿三井ビル（地階・階層
1486	ユニクロ	ＵＮＩＱＬＯ／ＧＵ　ＯＮＬＩＮＥ　小川
1487	ユニクロ	ユニクロ／ジーユー　オンライン　小和瀬
1488	ユニクロ	ユニクロ　南元町
1489	ユニクロ	ユニクロ　ヒラカマチダイゴ
1490	ユニクロ	ユニクロ　ウエノハラ
1491	ユニクロ	ＵＮＩＱＬＯ　ＧＵ　ＯＮＬＩＮＥ　道場町平田
1492	ユニクロ	ユニクロ　上陽町上横山
1493	ユニクロ	ユニクロ　一ツ森町
1494	ユニクロ	ユニクロ　オヤマチョウ
1495	ユニクロ	ユニクロ　大野
1496	ユニクロ	ユニクロ　蚊沼
1497	ユニクロ	ユニクロ　タツタ
1498	ユニクロ	ＵＮＩＱＬＯ　ＧＵ　ＯＮＬＩＮＥ　新井宿
1499	ユニクロ	ユニクロ　スエタケナカ（ムカイコウリキ）
1500	ユニクロ	ユニクロ　タカサゴ
1501	ユニクロ	ユニクロ　ニシハラ
1502	ユニクロ	ユニクロ／ジーユー　オンライン　笈ケ島
1503	ユニクロ	ユニクロ　大手町
1504	ユニクロ	ユニクロ　三城目
1505	ユニクロ	ユニクロ　大石龍門
1506	ユニクロ	ユニクロ　大栗
1507	ユニクロ	ユニクロ　ニシ１５ジョウミナミ
1508	ユニクロ	ユニクロ　ヒガシイチキチョウユダ
1509	ユニクロ	ユニクロ　長野町
1510	ユニクロ	ユニクロ　小郡御幸町
1511	ユニクロ	ＵＮＩＱＬＯ　安富町植木野
1512	ユニクロ	ユニクロ　オヤベ
1513	ユニクロ	ＵＮＩＱＬＯ／ＧＵ　ＯＮＬＩＮＥ　下高屋団地
1514	ユニクロ	ＵＮＩＱＬＯ　ＧＵ　ＯＮＬＩＮＥ　見町
1515	ユニクロ	ユニクロ　鹿園寺町
1516	ユニクロ	ユニクロ／ジーユー　オンライン　北十条東
1517	ユニクロ	ユニクロ　カイハラ
1518	ユニクロ	ユニクロ　後谷
1519	ユニクロ	ユニクロ　スミヨシチョウ
1520	ユニクロ	ユニクロ　カワウチチョウ（ヒライシスミヨシ）
1521	ユニクロ	ユニクロ　ヤマナワシロ
1522	ユニクロ	ユニクロ　２５セン
1523	ユニクロ	ＵＮＩＱＬＯ　ＧＵ　ＯＮＬＩＮＥ　太子町
1524	ユニクロ	ユニクロ　鳥山
1525	ユニクロ	ユニクロ　ヒラヤナギ
1526	ユニクロ	ユニクロ　岡本
1527	ユニクロ	ユニクロ　蛇塚
1528	ユニクロ	ユニクロ　大殿町
1529	ユニクロ	ユニクロ　尊保
1530	ユニクロ	ユニクロ　ミヤノマチ
1531	ユニクロ	ＵＮＩＱＬＯ／ＧＵ　ＯＮＬＩＮＥ　岩倉南大鷺町
1532	ユニクロ	ユニクロ　田皆
1533	ユニクロ	ユニクロ　コイズミ
1534	ユニクロ	ユニクロ　久原
1535	ユニクロ	ユニクロ　下の原町
1536	ユニクロ	ユニクロ　コウメイチョウ
1537	ユニクロ	ユニクロ　川合町川合
1538	ユニクロ	ＵＮＩＱＬＯ／ＧＵ　ＯＮＬＩＮＥ　啓北町
1539	ユニクロ	ユニクロ　生剛
1540	ユニクロ	ユニクロ／ジーユー　オンライン　曙川東
1541	ユニクロ	ユニクロ　ヤマダマチ
1542	ユニクロ	ユニクロ　オオグス
1543	ユニクロ	ユニクロ　万行町
1544	ユニクロ	ユニクロ　ジーユー　オンライン　ウエズ
1545	ユニクロ	ユニクロ　長嶺
1546	ユニクロ	ＵＮＩＱＬＯ　比々野町
1547	ユニクロ	ユニクロ　院内町日岳
1548	ユニクロ	ユニクロ　保坂
1549	ユニクロ	ユニクロ　セキヅマ
1550	ユニクロ	ユニクロ　タイノハタミナミマチ
1551	ユニクロ	ユニクロ　打越
1552	ユニクロ	ユニクロ　余部区下余部
1553	ユニクロ	ＵＮＩＱＬＯ　ＧＵ　ＯＮＬＩＮＥ　志方免
1554	ユニクロ	ユニクロ　船寺通
1555	ユニクロ	ユニクロ　ショウナイチョウナカ
1556	ユニクロ	ユニクロ　オシザワダイ
1557	ユニクロ	ＵＮＩＱＬＯ　ＧＵ　ＯＮＬＩＮＥ　栗林町
1558	ユニクロ	ユニクロ　貴志川町北山
1559	ユニクロ	ユニクロ　ジーユー　オンライン　キタカタマチスゲバル
1560	ユニクロ	ユニクロ　カツラヒツジサルチョウ
1561	ユニクロ	ユニクロ　南十二条西
1562	ユニクロ	ユニクロ　湯野尾町
1563	ユニクロ	ユニクロ　西島町
1564	ユニクロ	ユニクロ　トガムラアベットウ
1565	ユニクロ	ユニクロ　弥生
1566	ユニクロ	ユニクロ　諸志
1567	ユニクロ	ユニクロ　ガッコウチョウ
1568	ユニクロ	ユニクロ　ニシシンジュクシンジュクスミトモビル（１
1569	ユニクロ	ユニクロ　ナヅカチョウ
1570	ユニクロ	ＵＮＩＱＬＯ　斐川町出西
1571	ユニクロ	ユニクロ　御厨町下登木免
1572	ユニクロ	ユニクロ／ジーユー　オンライン　井波
1573	ユニクロ	ユニクロ／ジーユー　オンライン　貫
1574	ユニクロ	ユニクロ　クリス
1575	ユニクロ	ユニクロ　大月（１～３丁目）
1576	ユニクロ	ユニクロ　枇杷谷
1577	ユニクロ	ユニクロ　能満
1578	ユニクロ	ユニクロ／ジーユー　オンライン　南安倍（３丁目）
1579	ユニクロ	ユニクロ　シンジョウチョウ
1580	ユニクロ	ＵＮＩＱＬＯ／ＧＵ　ＯＮＬＩＮＥ　常盤町
1581	ユニクロ	ユニクロ　渡連
1582	ユニクロ	ユニクロ　渋民
1583	ユニクロ	ユニクロ　ヨコオオジキタノクチチョウ
1584	ユニクロ	ユニクロ　武雄町昭和
1585	ユニクロ	ユニクロ　瀬戸田町御寺
1586	ユニクロ	ユニクロ　デンボウジ
1587	ユニクロ	ユニクロ　西川原
1588	ユニクロ	ユニクロ　ハラシンマチ
1589	ユニクロ	ユニクロ　ヒライケチョウグローバルゲート（１０カイ
1590	ユニクロ	ユニクロ　背戸口
1591	ユニクロ	ＵＮＩＱＬＯ　ＧＵ　ＯＮＬＩＮＥ　海外町
1592	ユニクロ	ユニクロ　ホンチョウロクノサンチョウメ
1593	ユニクロ	ユニクロ　ジーユー　オンライン　ホウリュウマチマワタリ
1594	ユニクロ	ユニクロ　ジュウモンジマチエツゼン
1595	ユニクロ	ユニクロ　メイエキジェイアールゲートタワー（１９
1596	ユニクロ	ＵＮＩＱＬＯ　ＧＵ　ＯＮＬＩＮＥ　諏訪前
1597	ユニクロ	ユニクロ　サガノロクタンダチョウ
1598	ユニクロ	ユニクロ　みなとみらいランドマークタワー（３６階）
1599	ユニクロ	ユニクロ　一宇（大佐古、奥大野、川又、實平、中野）
1600	ユニクロ	ユニクロ　中橋良町
1601	ユニクロ	ユニクロ　タキサワ（シモカワラ１９０－１）
1602	ユニクロ	ユニクロ　荒町
1603	ユニクロ	ユニクロ　ジーユー　オンライン　ミョウタイジマチ
1604	ユニクロ	ＵＮＩＱＬＯ　ＧＵ　ＯＮＬＩＮＥ　立石
1605	ユニクロ	ＵＮＩＱＬＯ／ＧＵ　ＯＮＬＩＮＥ　若宮上町
1606	ユニクロ	ユニクロ　浦田
1607	ユニクロ	ユニクロ　ヒカミチョウコウラ
1608	ユニクロ	ユニクロ　シュウホウチョウイワナガシモゴウ
1609	ユニクロ	ユニクロ　スイカワコウジ
1610	ユニクロ	ユニクロ　初狩町下初狩
1611	ユニクロ	ユニクロ　栗栖野中臣町
1612	ユニクロ	ユニクロ　東市来町湯田
1613	ユニクロ	ユニクロ　ヒロセキタマチ
1614	ユニクロ	ユニクロ　上対馬町河内
1615	ユニクロ	ユニクロ　松戸町
1616	ユニクロ	ユニクロ　安心院町正覚寺
1617	ユニクロ	ユニクロ／ジーユー　オンライン　横手本町
1618	ユニクロ	ＵＮＩＱＬＯ　ＧＵ　ＯＮＬＩＮＥ　山ノ内
1619	ユニクロ	ユニクロ　分水旭町
1620	ユニクロ	ユニクロ　神楽岡６条
1621	ユニクロ	ユニクロ　ウミヅカ
1622	ユニクロ	ユニクロ　舟崎
1623	ユニクロ	ユニクロ　室原（小伝谷６７）
1624	ユニクロ	ユニクロ　山川岡児ケ水
1625	ユニクロ	ユニクロ　東愛宕町
1626	ユニクロ	ユニクロ／ジーユー　オンライン　海外町
1627	ユニクロ	ユニクロ　北角
1628	ユニクロ	ユニクロ　カモチョウシモツガワ（オクツガワ）
1629	ユニクロ	ユニクロ　室瀬町
1630	ユニクロ	ユニクロ　庄田町
1631	ユニクロ	ユニクロ　サビラキ
1632	ユニクロ	ＵＮＩＱＬＯ　下川原
1633	ユニクロ	ユニクロ　クミハマチョウシンマチ
1634	ユニクロ	ユニクロ　小川町
1635	ユニクロ	ユニクロ　打出町
1636	ユニクロ	ユニクロ　相沢
1637	ユニクロ	ユニクロ　シモチシキチョウ
1638	ユニクロ	ユニクロ　ヨコスワンチョウ
1639	ユニクロ	ユニクロ　ミドリマチニシ
1640	ユニクロ	ＵＮＩＱＬＯ／ＧＵ　ＯＮＬＩＮＥ　小見町
1641	ユニクロ	ＵＮＩＱＬＯ／ＧＵ　ＯＮＬＩＮＥ　久沓町
1642	ユニクロ	ユニクロ　イワクボチョウ
1643	ユニクロ	ユニクロ　加納
1644	ユニクロ	ユニクロ　金上
1645	ユニクロ	ユニクロ／ジーユー　オンライン　駒井沢町
1646	ユニクロ	ユニクロ　別所町佐土新
1647	ユニクロ	ユニクロ　ミツワリ
1648	ユニクロ	ユニクロ　オオマガリカミオオマチ
1649	ユニクロ	ユニクロ　東神足
1650	ユニクロ	ユニクロ　ハクラクテンチョウ
1651	ユニクロ	ユニクロ／ジーユー　オンライン　粟生津
1652	ユニクロ	ユニクロ　アオガマチ
1653	ユニクロ	ユニクロ　陽光町
1654	ユニクロ	ユニクロ　萩原町萩原
1655	ユニクロ	ユニクロ　払沢
1656	ユニクロ	ユニクロ　ヤマネチョウ
1657	ユニクロ	ユニクロ　上柏野町
1658	ユニクロ	ユニクロ　カミトリワタ
1659	ユニクロ	ユニクロ　ミカタハラチョウ
1660	ユニクロ	ユニクロ　高来町古場
1661	ユニクロ	ユニクロ　ジーユー　オンライン　レンペイチョウ
1662	ユニクロ	ＵＮＩＱＬＯ／ＧＵ　ＯＮＬＩＮＥ　つくりや台
1663	ユニクロ	ユニクロ　島崎
1664	ユニクロ	ユニクロ　吉松
1665	ユニクロ	ユニクロ／ジーユー　オンライン　布沼
1666	ユニクロ	ユニクロ　シノノメチョウ
1667	ユニクロ	ユニクロ　森宮
1668	ユニクロ	ユニクロ　ジーユー　オンライン　ウシオムラ
1669	ユニクロ	ユニクロ　皆葎
1670	ユニクロ	ユニクロ　ジーユー　オンライン　マツダテイノウエ
1671	ユニクロ	ユニクロ　テラカドチョウ
1672	ユニクロ	ユニクロ　マスマ
1673	ユニクロ	ユニクロ　後九条
1674	ユニクロ	ユニクロ　小森
1675	ユニクロ	ユニクロ　ウエキマチヒラノ
1676	ユニクロ	ＵＮＩＱＬＯ／ＧＵ　ＯＮＬＩＮＥ　松が枝町
1677	ユニクロ	ユニクロ　西沖
1678	ユニクロ	ユニクロ　小舟町
1679	ユニクロ	ユニクロ　外山
1680	ユニクロ	ＵＮＩＱＬＯ／ＧＵ　ＯＮＬＩＮＥ　七宮町
1681	ユニクロ	ユニクロ　白石
1682	ユニクロ	ユニクロ　ジーユー　オンライン　ドアイマチ
1683	ユニクロ	ユニクロ／ジーユー　オンライン　桜新町
1684	ユニクロ	ユニクロ　ジーユー　オンライン　サカイマチ
1685	ユニクロ	ユニクロ　オオハラチョウ
1686	ユニクロ	ユニクロ　丸の内丸の内ビルディング（３１階）
1687	ユニクロ	ユニクロ　シモバラダ
1688	ユニクロ	ユニクロ　タキヤチョウ
1689	ユニクロ	ユニクロ　三ケ（常盤町）
1690	ユニクロ	ユニクロ　西本町
1691	ユニクロ	ユニクロ　ヒガシヒラジマ
1692	ユニクロ	ＵＮＩＱＬＯ　ＧＵ　ＯＮＬＩＮＥ　浜新田
1693	ユニクロ	ユニクロ　中町
1694	ユニクロ	ユニクロ　湊坂
1695	ユニクロ	ＵＮＩＱＬＯ　新港町
1696	ユニクロ	ＵＮＩＱＬＯ／ＧＵ　ＯＮＬＩＮＥ　熊袋
1697	ユニクロ	ユニクロ　クリハラヒガシ
1698	ユニクロ	ユニクロ　昆布屋町
1699	ユニクロ	ユニクロ　新野
1700	ユニクロ	ユニクロ　カスミガセキカスミガセキビル（１０カイ
1701	ユニクロ	ＵＮＩＱＬＯ　六方町
1702	ユニクロ	ユニクロ　イクロ
1703	ユニクロ	ユニクロ　ナゴ
1704	ユニクロ	ユニクロ　トノゴウチチョウ
1705	ユニクロ	ユニクロ　原田南
1706	ユニクロ	ユニクロ　菊水一条
1707	ユニクロ	ユニクロ　オオハラショウリンインチョウ
1708	ユニクロ	ユニクロ　槇尾
1709	ユニクロ	ユニクロ　ナカダシンデン
1710	ユニクロ	ユニクロ　フルカワアサヒ
1711	ユニクロ	ユニクロ　旭山
1712	ユニクロ	ＵＮＩＱＬＯ／ＧＵ　ＯＮＬＩＮＥ　中央台
1713	ユニクロ	ユニクロ　ジーユー　オンライン　シラスナチョウ
1714	ユニクロ	ユニクロ　キタ４ジョウニシ（１－１９チョウメ）
1715	ユニクロ	ＵＮＩＱＬＯ　羽田
1716	ユニクロ	ユニクロ　ハヅチョウ
1717	ユニクロ	ユニクロ／ジーユー　オンライン　二俣町大園
1718	ユニクロ	ユニクロ　ジーユー　オンライン　シミズチョウ
1719	ユニクロ	ユニクロ　三郷
1720	ユニクロ	ユニクロ　市場富士見町
1721	ユニクロ	ユニクロ／ジーユー　オンライン　横町木の下
1722	ユニクロ	ＵＮＩＱＬＯ／ＧＵ　ＯＮＬＩＮＥ　天神町
1723	ユニクロ	ユニクロ　ジーユー　オンライン　イシダ
1724	ユニクロ	ユニクロ　原町区信田沢
1725	ユニクロ	ユニクロ　西賀茂榿ノ木町
1726	ユニクロ	ユニクロ　北蔵新
1727	ユニクロ	ユニクロ　中豊岡町
1728	ユニクロ	ＵＮＩＱＬＯ　ＧＵ　ＯＮＬＩＮＥ　緒方町越生
1729	ユニクロ	ユニクロ　柿木台
1730	ユニクロ	ＵＮＩＱＬＯ　住吉町
1731	ユニクロ	ユニクロ　西尾
1732	ユニクロ	ユニクロ　上平田町
1733	ユニクロ	ユニクロ　フクハラノウジョウ（フクハラ）
1734	ユニクロ	ユニクロ　イサワチョウヒロセ
1735	ユニクロ	ユニクロ　ツジ
1736	ユニクロ	ユニクロ　モンゼンマチハシリデ
1737	ユニクロ	ＵＮＩＱＬＯ／ＧＵ　ＯＮＬＩＮＥ　東宇塚
1738	ユニクロ	ユニクロ　龍田
1739	ユニクロ	ユニクロ　平成町
1740	ユニクロ	ユニクロ　オオツボホンマチ
1741	ユニクロ	ユニクロ　二日町
1742	ユニクロ	ユニクロ　桜町
1743	ユニクロ	ユニクロ　ナリタ
1744	ユニクロ	ユニクロ　原田
1745	ユニクロ	ユニクロ　カタタ
1746	ユニクロ	ユニクロ　ハオビ
1747	ユニクロ	ユニクロ　ハサマタ
1748	ユニクロ	ユニクロ　オオヒラヤマ
1749	ユニクロ	ＵＮＩＱＬＯ　ＧＵ　ＯＮＬＩＮＥ　若木町南
1750	ユニクロ	ユニクロ　ジーユー　オンライン　シマサキ
1751	ユニクロ	ユニクロ　シラハタ
1752	ユニクロ	ユニクロ　キタ１０ジョウニシ（５－１１チョウメ）
1753	ユニクロ	ユニクロ　ナカバル
1754	ユニクロ	ユニクロ　ヤマノクチチョウハナノキ
1755	ユニクロ	ユニクロ／ジーユー　オンライン　柿崎区江島新田
1756	ユニクロ	ユニクロ　イチジョウ
1757	ユニクロ	ユニクロ　牛久保町
1758	ユニクロ	ユニクロ　タチョウ
1759	ユニクロ	ＵＮＩＱＬＯ　ＧＵ　ＯＮＬＩＮＥ　十二道島
1760	ユニクロ	ＵＮＩＱＬＯ／ＧＵ　ＯＮＬＩＮＥ　楚和
1761	ユニクロ	ユニクロ　ハサママチイダイガオカ
1762	ユニクロ	ユニクロ　シンヅツミチョウ
1763	ユニクロ	ＵＮＩＱＬＯ　ＧＵ　ＯＮＬＩＮＥ　東新橋電通本社ビル（２１階）
1764	ユニクロ	ユニクロ　イマミツ
1765	ユニクロ	ＵＮＩＱＬＯ　貝原
1766	ユニクロ	ユニクロ　忠次
1767	ユニクロ	ユニクロ　タカジョウダイ
1768	ユニクロ	ユニクロ　石田桜木
1769	ユニクロ	ＵＮＩＱＬＯ　上野寿町
1770	ユニクロ	ユニクロ　南六条
1771	ユニクロ	ユニクロ　富島町
1772	ユニクロ	ユニクロ　ジーユー　オンライン　ガンバラ
1773	ユニクロ	ユニクロ　ハラマチクシダザワ
1774	ユニクロ	ユニクロ　モチガセチョウベフ
1775	ユニクロ	ユニクロ　トバリシンデン
1776	ユニクロ	ＵＮＩＱＬＯ／ＧＵ　ＯＮＬＩＮＥ　近平
1777	ユニクロ	ユニクロ　西ノ京藤ノ木町
1778	ユニクロ	ユニクロ　小曲
1779	ユニクロ	ユニクロ　もこと山
1780	ユニクロ	ＵＮＩＱＬＯ　ＧＵ　ＯＮＬＩＮＥ　上曽根
1781	ユニクロ	ユニクロ　南友部
1782	ユニクロ	ユニクロ　春日壱屋敷
1783	ユニクロ	ユニクロ　イワクラナカザイジチョウ
1784	ユニクロ	ＵＮＩＱＬＯ　大神宮
1785	ユニクロ	ユニクロ／ジーユー　オンライン　新宮町鍛冶屋
1786	ユニクロ	ユニクロ　サネドメチョウ
1787	ユニクロ	ユニクロ　カリガネチョウ（イワガミドオリアヤノコウ
1788	ユニクロ	ユニクロ　苗穂町
1789	ユニクロ	ユニクロ　ナカゴウチョウ
1790	ユニクロ	ユニクロ　オオツカマチ
1791	ユニクロ	ユニクロ　駅前中央
1792	ユニクロ	ユニクロ　チチノカワシモ
1793	ユニクロ	ユニクロ　タド
1794	ユニクロ	ユニクロ　アツガチョウ
1795	ユニクロ	ＵＮＩＱＬＯ／ＧＵ　ＯＮＬＩＮＥ　忍海
1796	ユニクロ	ＵＮＩＱＬＯ　歌田
1797	ユニクロ	ユニクロ　長町（越路）
1798	ユニクロ	ユニクロ　ノウマン
1799	ユニクロ	ＵＮＩＱＬＯ　大谷田
1800	ユニクロ	ユニクロ　マチ
1801	ユニクロ	ＵＮＩＱＬＯ　ＧＵ　ＯＮＬＩＮＥ　吉田町吉田
1802	ユニクロ	ユニクロ　名塩赤坂
1803	ユニクロ	ユニクロ　マンペイチョウ
1804	ユニクロ	ユニクロ　跡市町
1805	ユニクロ	ＵＮＩＱＬＯ　ＧＵ　ＯＮＬＩＮＥ　角館町下新町
1806	ユニクロ	ユニクロ　生津天王東町
1807	ユニクロ	ＵＮＩＱＬＯ／ＧＵ　ＯＮＬＩＮＥ　李平上山崎
1808	ユニクロ	ＵＮＩＱＬＯ　清哲町青木
1809	ユニクロ	ＵＮＩＱＬＯ　ＧＵ　ＯＮＬＩＮＥ　小松台西
1810	ユニクロ	ユニクロ　アンジョウ
1811	ユニクロ	ユニクロ　榊
1812	ユニクロ	ユニクロ　水島相生町
1813	ユニクロ	ユニクロ　金山
1814	ユニクロ	ユニクロ　ホンゴウチョウ
1815	ユニクロ	ユニクロ　小高下町
1816	ユニクロ	ユニクロ　百戸町東
1817	ユニクロ	ユニクロ　クラジ（バンチ）
1818	ユニクロ	ユニクロ　アキハミチ
1819	ユニクロ	ユニクロ　ハマグリ
1820	ユニクロ	ユニクロ　道目
1821	ユニクロ	ユニクロ　シノミヤクマガダニ
1822	ユニクロ	ユニクロ　ククハラ
1823	ユニクロ	ユニクロ　シラサワ
1824	ユニクロ	ユニクロ　サクラノチョウ
1825	ユニクロ	ユニクロ　タルミ
1826	ユニクロ	ユニクロ　ヤクモチョウクマノ
1827	ユニクロ	ユニクロ　岩出町
1828	ユニクロ	ユニクロ　ワカガワチョウ
1829	ユニクロ	ユニクロ　今里
1830	ユニクロ	ユニクロ　ショウカ
1831	ユニクロ	ＵＮＩＱＬＯ／ＧＵ　ＯＮＬＩＮＥ　湯布院町中川
1832	ユニクロ	ユニクロ　ヤマダイケコウエン
1833	ユニクロ	ユニクロ　イダナカノチョウ
1834	ユニクロ	ユニクロ　シンデン
1835	ユニクロ	ユニクロ　オオタニマチ
1836	ユニクロ	ＵＮＩＱＬＯ　名瀬小浜町
1837	ユニクロ	ユニクロ　五日市
1838	ユニクロ	ユニクロ　福住町
1839	ユニクロ	ＵＮＩＱＬＯ／ＧＵ　ＯＮＬＩＮＥ　山川町春日
1840	ユニクロ	ユニクロ　東町
1841	ユニクロ	ユニクロ　イマイチ
1842	ユニクロ	ユニクロ　ツネトヨ
1843	ユニクロ	ユニクロ　ジーユー　オンライン　ヤマナワシロ
1844	ユニクロ	ユニクロ　シブサキ
1845	ユニクロ	ユニクロ　ウシザキ
1846	ユニクロ	ユニクロ　モリシタ
1847	ユニクロ	ユニクロ　王司南町
1848	ユニクロ	ユニクロ／ジーユー　オンライン　大門町
1849	ユニクロ	ユニクロ　オサト
1850	ユニクロ	ユニクロ　ミナミ５ジョウ
1851	ユニクロ	ユニクロ　ツキオカチョウ
1852	ユニクロ	ＵＮＩＱＬＯ／ＧＵ　ＯＮＬＩＮＥ　藤平田
1853	ユニクロ	ユニクロ　ウシガセカハラグチチョウ
1854	ユニクロ	ＵＮＩＱＬＯ／ＧＵ　ＯＮＬＩＮＥ　渋井
1855	ユニクロ	ユニクロ　ヒビノチョウ
1856	ユニクロ	ユニクロ　タカシミズムケガエリ
1857	ユニクロ	ユニクロ／ジーユー　オンライン　金渕乙
1858	ユニクロ	ＵＮＩＱＬＯ　ＧＵ　ＯＮＬＩＮＥ　豊田町金道
1859	ユニクロ	ＵＮＩＱＬＯ／ＧＵ　ＯＮＬＩＮＥ　市ケ原町
1860	ユニクロ	ユニクロ　中原西
1861	ユニクロ	ユニクロ　ミナミ１６センニシ
1862	ユニクロ	ユニクロ　一条
1863	ユニクロ	ユニクロ　歌津白山
1864	ユニクロ	ユニクロ　小路北町
1865	ユニクロ	ユニクロ　サクラマチ
1866	ユニクロ	ユニクロ　サダ
1867	ユニクロ	ユニクロ　ジーユー　オンライン　ダイモンチョウ
1868	ユニクロ	ＵＮＩＱＬＯ　ＧＵ　ＯＮＬＩＮＥ　川島粟田町
1869	ユニクロ	ユニクロ　ジュウモンジマチジュウモンジ
1870	ユニクロ	ユニクロ　ナカセツリ（ニシ）
1871	ユニクロ	ユニクロ　三雲
1872	ユニクロ	ユニクロ　五十里西町
1873	ユニクロ	ユニクロ　但東町天谷
1874	ユニクロ	ユニクロ　太秦面影町
1875	ユニクロ	ＵＮＩＱＬＯ／ＧＵ　ＯＮＬＩＮＥ　城見ＭＩＤタワー（９階）
1876	ユニクロ	ユニクロ　オオカワチョウコマナキ
1877	ユニクロ	ユニクロ　ダイモンチョウ
1878	ユニクロ	ユニクロ　ジーユー　オンライン　オオハラグチツキヌケチョウ
1879	ユニクロ	ユニクロ　宇加塚
1880	ユニクロ	ユニクロ　キタヤチョウ
1881	ユニクロ	ユニクロ　東
1882	ユニクロ	ユニクロ　ジーユー　オンライン　チャナイヒガシ３セン
1883	ユニクロ	ユニクロ　阿波町王子川
1884	ユニクロ	ユニクロ　ラチキザキ
1885	ユニクロ	ユニクロ　ジーユー　オンライン　ワカサクナイ
1886	ユニクロ	ＵＮＩＱＬＯ　ＧＵ　ＯＮＬＩＮＥ　丸の内丸の内パークビルディング
1887	ユニクロ	ユニクロ　芝原
1888	ユニクロ	ユニクロ　ハジョウドキタマチ
1889	ユニクロ	ユニクロ　エビジママチ
1890	ユニクロ	ユニクロ　角館町下新町
1891	ユニクロ	ユニクロ　本郷町
1892	ユニクロ	ユニクロ　オサリザワ
1893	ユニクロ	ユニクロ　ヒガシヤマイック
1894	ユニクロ	ユニクロ　タナカ
1895	ユニクロ	ＵＮＩＱＬＯ　岡
1896	ユニクロ	ユニクロ　大門
1897	ユニクロ	ＵＮＩＱＬＯ　ＧＵ　ＯＮＬＩＮＥ　榴ケ岡
1898	ユニクロ	ユニクロ　迫田町
1899	ユニクロ	ユニクロ　ミノヤマデジマ
1900	ユニクロ	ＵＮＩＱＬＯ／ＧＵ　ＯＮＬＩＮＥ　青河町
1901	ユニクロ	ＵＮＩＱＬＯ　君島
1902	ユニクロ	ユニクロ　新庄銀座
1903	ユニクロ	ユニクロ　シミズバラ
1904	ユニクロ	ユニクロ　ヤマグチ
1905	ユニクロ	ユニクロ　ナカジママチオオダイラ
1906	ユニクロ	ユニクロ　コシゴエ
1907	ユニクロ	ユニクロ　南二島
1908	ユニクロ	ユニクロ　滝谷町
1909	ユニクロ	ユニクロ　ヤザコナカネバラ
1910	ユニクロ	ユニクロ　仁川月見ガ丘
1911	ユニクロ	ユニクロ　アサヒチョウ
1912	ユニクロ	ユニクロ　袖師町
1913	ユニクロ	ユニクロ　フナマチ
1914	ユニクロ	ユニクロ／ジーユー　オンライン　永原町中
1915	ユニクロ	ユニクロ　ヒサノハママチニシ
1916	ユニクロ	ユニクロ　東宇塚
1917	ユニクロ	ユニクロ　山田湯
1918	ユニクロ	ユニクロ　頂吉
1919	ユニクロ	ユニクロ　生玉前町
1920	ユニクロ	ユニクロ　田沢湖神代
1921	ユニクロ	ユニクロ　南中曽根
1922	ユニクロ	ユニクロ　上錫屋町
1923	ユニクロ	ユニクロ　タケワラ
1924	ユニクロ	ユニクロ　南方町瀬ノ淵
1925	ユニクロ	ユニクロ　明和
1926	ユニクロ	ユニクロ　ハギゾノ
1927	ユニクロ	ＵＮＩＱＬＯ／ＧＵ　ＯＮＬＩＮＥ　肴町
1928	ユニクロ	ユニクロ　東戸祭
1929	ユニクロ	ユニクロ　ガクエンミナミマチ
1930	ユニクロ	ＵＮＩＱＬＯ　谷汲神原
1931	ユニクロ	ユニクロ　詫間町志々島
1932	ユニクロ	ユニクロ　サシキイバラ
1933	ユニクロ	ユニクロ　ホンゴウ
1934	ユニクロ	ユニクロ　ナガノチョウ
1935	ユニクロ	ユニクロ　飛田給
1936	ユニクロ	ユニクロ　タカノ
1937	ユニクロ	ユニクロ　川原町
1938	ユニクロ	ユニクロ　泉
1939	ユニクロ	ユニクロ　関根
1940	ユニクロ	ユニクロ　軍水町
1941	ユニクロ	ユニクロ　知手中央
1942	ユニクロ	ユニクロ　セミネドガサキ
1943	ユニクロ	ユニクロ　ヒカゲチョウ
1944	ユニクロ	ユニクロ　イクシュンベツタキミチョウ
1945	ユニクロ	ユニクロ　ユガシマ
1946	ユニクロ	ユニクロ　金田町半田
1947	ユニクロ	ユニクロ　オオドマリチョウ
1948	ユニクロ	ユニクロ　オオヨドナカ（ツギノビルヲノゾク）
1949	ユニクロ	ユニクロ　松尾万石町
1950	ユニクロ	ユニクロ　クズマキニシマチ
1951	ユニクロ	ＵＮＩＱＬＯ　ＧＵ　ＯＮＬＩＮＥ　志津留
1952	ユニクロ	ユニクロ　湯ノ浦
1953	ユニクロ	ユニクロ　ヒラタニシ
1954	ユニクロ	ユニクロ　羽根町乙
1955	ユニクロ	ユニクロ　月丘町
1956	ユニクロ	ユニクロ　みずほ
1957	ユニクロ	ユニクロ　大江
1958	ユニクロ	ユニクロ　大友
1959	ユニクロ	ユニクロ　テッセイチョウオオタケ
1960	ユニクロ	ユニクロ　トクヂシマジ
1961	ユニクロ	ユニクロ　松崎町
1962	ユニクロ	ＵＮＩＱＬＯ　ＧＵ　ＯＮＬＩＮＥ　天祐団地
1963	ユニクロ	ユニクロ　権田沼新田
1964	ユニクロ	ＵＮＩＱＬＯ　ＧＵ　ＯＮＬＩＮＥ　樫月
1965	ユニクロ	ＵＮＩＱＬＯ　羽衣町
1966	ユニクロ	ユニクロ　ミワチョウウバラシモ
1967	ユニクロ	ユニクロ　寄松
1968	ユニクロ	ユニクロ　坂井町
1969	ユニクロ	ユニクロ　大町
1970	ユニクロ	ユニクロ　中央ＳＳ３０住友生命仙台中央ビル（
1971	ユニクロ	ユニクロ　ニシシンジュクシンジュクセンタービル（
1972	ユニクロ	ユニクロ　小畑
1973	ユニクロ	ユニクロ　ジーユー　オンライン　カイモリ
1974	ユニクロ	ユニクロ　タジリザキ
1975	ユニクロ	ユニクロ　富
1976	ユニクロ	ユニクロ　西茨戸
1977	ユニクロ	ユニクロ　山王町
1978	ユニクロ	ユニクロ　出石町長砂
1979	ユニクロ	ユニクロ　ジーユー　オンライン　フタマタシンマチ
1980	ユニクロ	ＵＮＩＱＬＯ　ＧＵ　ＯＮＬＩＮＥ　湊坂
1981	ユニクロ	ユニクロ　香澄の里
1982	ユニクロ	ユニクロ　ミツハシマチミムラ
1983	ユニクロ	ＵＮＩＱＬＯ　出石町袴狭
1984	ユニクロ	ユニクロ　中央町
1985	ユニクロ	ユニクロ　八木町諸畑
1986	ユニクロ	ユニクロ　ホウエイチョウ
1987	ユニクロ	ユニクロ　ジーユー　オンライン　ワカクサドオリ
1988	ユニクロ	ユニクロ　ジーユー　オンライン　マバセ
1989	ユニクロ	ユニクロ　川尻上野町
1990	ユニクロ	ユニクロ　厚別西三条
1991	ユニクロ	ユニクロ　ユタカチョウ
1992	ユニクロ	ユニクロ　町新
1993	ユニクロ	ユニクロ　上九沢
1994	ユニクロ	ユニクロ　クゲタニシ
1995	ユニクロ	ユニクロ　富堂町
1996	ユニクロ	ＵＮＩＱＬＯ／ＧＵ　ＯＮＬＩＮＥ　不動
1997	ユニクロ	ユニクロ　スモモダイカミヤマザキ
1998	ユニクロ	ユニクロ　ヤシマチョウ
1999	ユニクロ	ユニクロ　サワシタチョウ
2000	ユニクロ	ユニクロ　シシハマ
2001	ユニクロ	ユニクロ　ニシハタチョウ
2002	ユニクロ	ユニクロ　旅来
2003	ユニクロ	ユニクロ　フクイ
2004	ユニクロ	ユニクロ　ツキスシンデン
2005	ユニクロ	ＵＮＩＱＬＯ　ＧＵ　ＯＮＬＩＮＥ　徳定
2006	ユニクロ	ユニクロ／ジーユー　オンライン　上斜里
2007	ユニクロ	ユニクロ　コダマチョウナガオキ
2008	ユニクロ	ユニクロ　ヨシオカ
2009	ユニクロ	ユニクロ　ベッショチョウ
2010	ユニクロ	ユニクロ　ジーユー　オンライン　アカシナナカガワテ
2011	ユニクロ	ユニクロ　ヨコボリ
2012	ユニクロ	ユニクロ　ジーユー　オンライン　ソトヤマ
2013	ユニクロ	ユニクロ／ジーユー　オンライン　奥原町
2014	ユニクロ	ユニクロ　築地
2015	ユニクロ	ＵＮＩＱＬＯ　富士見町
2016	ユニクロ	ユニクロ　鷺山向井町
2017	ユニクロ	ユニクロ　ジーユー　オンライン　ニシオヤノイ
2018	ユニクロ	ユニクロ　オクヤマダ
2019	ユニクロ	ユニクロ　オオクロダチョウ
2020	ユニクロ	ユニクロ／ジーユー　オンライン　中井町
2021	ユニクロ	ユニクロ　カジハラ
2022	ユニクロ	ユニクロ　宮の町
2023	ユニクロ	ユニクロ　西一条北
2024	ユニクロ	ＵＮＩＱＬＯ／ＧＵ　ＯＮＬＩＮＥ　千里丘新町
2025	ユニクロ	ユニクロ　向新田
2026	ユニクロ	ＵＮＩＱＬＯ／ＧＵ　ＯＮＬＩＮＥ　鹿子島町
2027	ユニクロ	ユニクロ　ヒガシマチ
2028	ユニクロ	ユニクロ　一ノ谷町
2029	ユニクロ	ユニクロ　リョウセキ
2030	ユニクロ	ユニクロ　清久島
2031	ユニクロ	ユニクロ／ジーユー　オンライン　本町
2032	ユニクロ	ＵＮＩＱＬＯ／ＧＵ　ＯＮＬＩＮＥ　森尾
2033	ユニクロ	ユニクロ　小原台
2034	ユニクロ	ＵＮＩＱＬＯ／ＧＵ　ＯＮＬＩＮＥ　郷本町
2035	ユニクロ	ユニクロ　赤坂赤坂Ｂｉｚタワー（３１階）
2036	ユニクロ	ＵＮＩＱＬＯ／ＧＵ　ＯＮＬＩＮＥ　楠葉中町
2037	ユニクロ	ユニクロ　有田屋町西ノ丁
2038	ユニクロ	ユニクロ　長谷
2039	ユニクロ	ユニクロ　ヨンバンチョウ
2040	ユニクロ	ユニクロ　閏戸
2041	ジーユー	ＧＵ　鍛高
2042	ジーユー	ユニクロ／ジーユー　オンライン　倉見
2043	ジーユー	ＣＡＳＡ　ＤＥＬ　ＧＵＡＰＯ　岩城二古
2044	ジーユー	ユニクロ／ジーユー　オンライン　宝坂屋敷
2045	ジーユー	ユニクロ　ジーユー　オンライン　マチ
2046	ジーユー	ＣＡＳＡ　ＤＥＬ　ＧＵＡＰＯ　和田町
2047	ジーユー	ＧＵ　新福寺町
2048	ジーユー	ユニクロ／ジーユー　オンライン　一ケ谷町
2049	ジーユー	ＧＵ　新川町
2050	ジーユー	ＵＮＩＱＬＯ　ＧＵ　ＯＮＬＩＮＥ　志方免
2051	ジーユー	ジーユー　ミサトチョウフナヤマ
2052	ジーユー	ユニクロ　ジーユー　オンライン　マツオカニシノナカ
2053	ジーユー	ユニクロ　ジーユー　オンライン　チカラ
2054	ジーユー	ＧＵ　東垪和
2055	ジーユー	ＣＡＳＡ　ＤＥＬ　ＧＵＡＰＯ　共栄町
2056	ジーユー	ステーキ　ＧＵＳＴＯ　宮ノ前
2057	ジーユー	ＵＮＩＱＬＯ　ＧＵ　ＯＮＬＩＮＥ　栗林町
2058	ジーユー	Ｓ　ＧＵＳＴＯ　柳水町
2059	ジーユー	ＣＡＳＡ　ＤＥＬ　ＧＵＡＰＯ　与保呂
2060	ジーユー	Ｓ　ＧＵＳＴＯ　荘川町新渕
2061	ジーユー	ユニクロ　ジーユー　オンライン　キタカタマチスゲバル
2062	ジーユー	ジーユー　マイコザカ
2063	ジーユー	ＧＵ　福元町
2064	ジーユー	ＧＵ　新田町（吉池）
2065	ジーユー	ＧＵ　中瀬
2066	ジーユー	ユニクロ／ジーユー　オンライン　一迫岡田
2067	ジーユー	ＧＵ　川面
2068	ジーユー	ＵＮＩＱＬＯ／ＧＵ　ＯＮＬＩＮＥ　東池袋サンシャイン６０（３２階
2069	ジーユー	ユニクロ　ジーユー　オンライン　ユノオマチ
2070	ジーユー	ステーキ　ＧＵＳＴＯ　大沢
2071	ジーユー	ジーユー　テンジンシタ
2072	ジーユー	ＧＵ　汐見町
2073	ジーユー	ＵＮＩＱＬＯ　ＧＵ　ＯＮＬＩＮＥ　井倉新町
2074	ジーユー	ステーキ　ＧＵＳＴＯ　中山
2075	ジーユー	ユニクロ　ジーユー　オンライン　ミツヤチョウ
2076	ジーユー	ユニクロ／ジーユー　オンライン　井波
2077	ジーユー	ユニクロ／ジーユー　オンライン　貫
2078	ジーユー	ジーユー　オウテマチ
2079	ジーユー	ユニクロ／ジーユー　オンライン　濁沢町
2080	ジーユー	ユニクロ　ジーユー　オンライン　タイ
2081	ジーユー	ユニクロ／ジーユー　オンライン　飯山町西坂元
2082	ジーユー	ＵＮＩＱＬＯ　ＧＵ　ＯＮＬＩＮＥ　仲町
2083	ジーユー	ＣＡＳＡ　ＤＥＬ　ＧＵＡＰＯ　永田台
2084	ジーユー	ユニクロ／ジーユー　オンライン　南安倍（３丁目）
2085	ジーユー	ユニクロ　ジーユー　オンライン　コウナミ
2086	ジーユー	Ｓ　ＧＵＳＴＯ　富岡町
2087	ジーユー	ＵＮＩＱＬＯ／ＧＵ　ＯＮＬＩＮＥ　常盤町
2088	ジーユー	ユニクロ／ジーユー　オンライン　走水
2089	ジーユー	ＣＡＳＡ　ＤＥＬ　ＧＵＡＰＯ　青江
2090	ジーユー	ユニクロ／ジーユー　オンライン　仁方町（蕨谷）
2091	ジーユー	ユニクロ　ジーユー　オンライン　スナマチ
2092	ジーユー	ＣＡＳＡ　ＤＥＬ　ＧＵＡＰＯ　迫田町
2093	ジーユー	ジーユー　ミツギチョウニノ
2094	ジーユー	ユニクロ／ジーユー　オンライン　前潟
2095	ジーユー	ＣＡＳＡ　ＤＥＬ　ＧＵＡＰＯ　阿波町東正広
2096	ジーユー	ジーユー　ニシシンジュクオダキュウダイイチセイメイビル（１３カイ
2097	ジーユー	ＵＮＩＱＬＯ　ＧＵ　ＯＮＬＩＮＥ　今里
2098	ジーユー	Ｓ　ＧＵＳＴＯ　三条猪熊町
2099	ジーユー	ＧＵ　門和佐
2100	ジーユー	ジーユー　カスミガセキカスミガセキビル（３カイ）
2101	ジーユー	ジーユー　トミウラチョウミヤモト
2102	ジーユー	ジーユー　キリアケヌルカワモリ
2103	ジーユー	Ｓ　ＧＵＳＴＯ　宮町
2104	ジーユー	Ｓ　ＧＵＳＴＯ　西尼崎町
2105	ジーユー	ジーユー　カミウカイ
2106	ジーユー	ジーユー　ハラダ
2107	ジーユー	ＧＵ　歌田
2108	ジーユー	ＵＮＩＱＬＯ　ＧＵ　ＯＮＬＩＮＥ　海外町
2109	ジーユー	Ｓ　ＧＵＳＴＯ　三岩
2110	ジーユー	ステーキ　ＧＵＳＴＯ　香取
2111	ジーユー	ＵＮＩＱＬＯ／ＧＵ　ＯＮＬＩＮＥ　吉祥院九条町
2112	ジーユー	ＣＡＳＡ　ＤＥＬ　ＧＵＡＰＯ　西八木崎
2113	ジーユー	ユニクロ　ジーユー　オンライン　ホウリュウマチマワタリ
2114	ジーユー	ユニクロ　ジーユー　オンライン　ヒカミチョウヒカミ
2115	ジーユー	Ｓ　ＧＵＳＴＯ　福住町
2116	ジーユー	Ｓ　ＧＵＳＴＯ　緑台
2117	ジーユー	ＧＵ　桃山町養斉
2118	ジーユー	ＣＡＳＡ　ＤＥＬ　ＧＵＡＰＯ　緒方町栗生
2119	ジーユー	ＧＵ　羽島
2120	ジーユー	ＧＵ　飯岡
2121	ジーユー	Ｓ　ＧＵＳＴＯ　下紺屋
2122	ジーユー	ユニクロ　ジーユー　オンライン　ヤカタマチ
2123	ジーユー	ステーキ　ＧＵＳＴＯ　貰人
2124	ジーユー	ステーキ　ＧＵＳＴＯ　新栄町
2125	ジーユー	ＣＡＳＡ　ＤＥＬ　ＧＵＡＰＯ　志津川廻館前
2126	ジーユー	ユニクロ　ジーユー　オンライン　ゴウド
2127	ジーユー	ユニクロ　ジーユー　オンライン　キノシタ
2128	ジーユー	ＵＮＩＱＬＯ　ＧＵ　ＯＮＬＩＮＥ　諏訪前
2129	ジーユー	ＣＡＳＡ　ＤＥＬ　ＧＵＡＰＯ　鳴子温泉新町下
2130	ジーユー	ＣＡＳＡ　ＤＥＬ　ＧＵＡＰＯ　大道田
2131	ジーユー	ＧＵ　東流杉
2132	ジーユー	ＵＮＩＱＬＯ／ＧＵ　ＯＮＬＩＮＥ　東沼
2133	ジーユー	ＧＵ　飯村町
2134	ジーユー	Ｓ　ＧＵＳＴＯ　助命
2135	ジーユー	ＣＡＳＡ　ＤＥＬ　ＧＵＡＰＯ　水中
2136	ジーユー	ＣＡＳＡ　ＤＥＬ　ＧＵＡＰＯ　中橋
2137	ジーユー	ＣＡＳＡ　ＤＥＬ　ＧＵＡＰＯ　三尾川
2138	ジーユー	ＵＮＩＱＬＯ　ＧＵ　ＯＮＬＩＮＥ　手賀野
2139	ジーユー	ユニクロ　ジーユー　オンライン　ミョウタイジマチ
2140	ジーユー	ＵＮＩＱＬＯ　ＧＵ　ＯＮＬＩＮＥ　羽拍子町
2141	ジーユー	ＵＮＩＱＬＯ　ＧＵ　ＯＮＬＩＮＥ　立石
2142	ジーユー	ジーユー　オカノ１マチ
2143	ジーユー	ＵＮＩＱＬＯ／ＧＵ　ＯＮＬＩＮＥ　若宮上町
2144	ジーユー	ＵＮＩＱＬＯ／ＧＵ　ＯＮＬＩＮＥ　朝日ケ丘町
2145	ジーユー	Ｓ　ＧＵＳＴＯ　麻生新田
2146	ジーユー	ＣＡＳＡ　ＤＥＬ　ＧＵＡＰＯ　前沢二ノ沢
2147	ジーユー	ＵＮＩＱＬＯ　ＧＵ　ＯＮＬＩＮＥ　興南町
2148	ジーユー	ＵＮＩＱＬＯ　ＧＵ　ＯＮＬＩＮＥ　長坂町
2149	ジーユー	ＧＵ　糸沢
2150	ジーユー	ユニクロ　ジーユー　オンライン　カキザキクエジマシンデン
2151	ジーユー	ユニクロ　ジーユー　オンライン　オンベツチョウフウレン
2152	ジーユー	ステーキ　ＧＵＳＴＯ　上の原町
2153	ジーユー	ＵＮＩＱＬＯ　ＧＵ　ＯＮＬＩＮＥ　松本
2154	ジーユー	ＵＮＩＱＬＯ／ＧＵ　ＯＮＬＩＮＥ　萩が丘
2155	ジーユー	Ｓ　ＧＵＳＴＯ　手岡
2156	ジーユー	ジーユー　オオヤマ
2157	ジーユー	ＵＮＩＱＬＯ　ＧＵ　ＯＮＬＩＮＥ　別所町
2158	ジーユー	ユニクロ／ジーユー　オンライン　萩原
2159	ジーユー	ＣＡＳＡ　ＤＥＬ　ＧＵＡＰＯ　篠路町拓北
2160	ジーユー	ユニクロ／ジーユー　オンライン　横手本町
2161	ジーユー	ＵＮＩＱＬＯ　ＧＵ　ＯＮＬＩＮＥ　山ノ内
2162	ジーユー	Ｓ　ＧＵＳＴＯ　小滝
2163	ジーユー	ステーキ　ＧＵＳＴＯ　外城町
2164	ジーユー	ＧＵ　桜森
2165	ジーユー	Ｓ　ＧＵＳＴＯ　芳野町
2166	ジーユー	ユニクロ／ジーユー　オンライン　海外町
2167	ジーユー	Ｓ　ＧＵＳＴＯ　横松上町
2168	ジーユー	ＣＡＳＡ　ＤＥＬ　ＧＵＡＰＯ　濁沢町
2169	ジーユー	Ｓ　ＧＵＳＴＯ　小川町
2170	ジーユー	ステーキ　ＧＵＳＴＯ　目出文化町
2171	ジーユー	ユニクロ／ジーユー　オンライン　田所町
2172	ジーユー	ステーキ　ＧＵＳＴＯ　中央工業団地
2173	ジーユー	Ｓ　ＧＵＳＴＯ　江崎
2174	ジーユー	ユニクロ　ジーユー　オンライン　カミ
2175	ジーユー	ユニクロ　ジーユー　オンライン　カグチウラ
2176	ジーユー	Ｓ　ＧＵＳＴＯ　別役
2177	ジーユー	ユニクロ　ジーユー　オンライン　ウエダチョウ
2178	ジーユー	ステーキ　ＧＵＳＴＯ　別保東
2179	ジーユー	ステーキ　ＧＵＳＴＯ　中央町
2180	ジーユー	ＵＮＩＱＬＯ　ＧＵ　ＯＮＬＩＮＥ　下津穂所町
2181	ジーユー	ＣＡＳＡ　ＤＥＬ　ＧＵＡＰＯ　万力
2182	ジーユー	ＵＮＩＱＬＯ　ＧＵ　ＯＮＬＩＮＥ　相川
2183	ジーユー	ユニクロ／ジーユー　オンライン　家西
2184	ジーユー	ステーキ　ＧＵＳＴＯ　堺町
2185	ジーユー	ＵＮＩＱＬＯ／ＧＵ　ＯＮＬＩＮＥ　日の出町
2186	ジーユー	ＣＡＳＡ　ＤＥＬ　ＧＵＡＰＯ　東郷町下三ケ
2187	ジーユー	ＵＮＩＱＬＯ／ＧＵ　ＯＮＬＩＮＥ　小見町
2188	ジーユー	ＣＡＳＡ　ＤＥＬ　ＧＵＡＰＯ　娚杉町
2189	ジーユー	ジーユー　イエジガワ
2190	ジーユー	ＵＮＩＱＬＯ　ＧＵ　ＯＮＬＩＮＥ　袋町
2191	ジーユー	ＵＮＩＱＬＯ／ＧＵ　ＯＮＬＩＮＥ　久沓町
2192	ジーユー	ＣＡＳＡ　ＤＥＬ　ＧＵＡＰＯ　高清水仰ケ返り
2193	ジーユー	Ｓ　ＧＵＳＴＯ　豊洲豊洲センタービル（７階）
2194	ジーユー	ＵＮＩＱＬＯ　ＧＵ　ＯＮＬＩＮＥ　名取
2195	ジーユー	ＵＮＩＱＬＯ　ＧＵ　ＯＮＬＩＮＥ　大塚高岩
2196	ジーユー	ステーキ　ＧＵＳＴＯ　興戸
2197	ジーユー	Ｓ　ＧＵＳＴＯ　幌内
2198	ジーユー	ユニクロ／ジーユー　オンライン　駒井沢町
2199	ジーユー	ステーキ　ＧＵＳＴＯ　兀山町
2200	ジーユー	ユニクロ　ジーユー　オンライン　ニイサトチョウコバヤシ
2201	ジーユー	ユニクロ　ジーユー　オンライン　ヨシハラマチ
2202	ジーユー	ＧＵ　平ケ崎
2203	ジーユー	ＧＵ　一庫
2204	ジーユー	ジーユー　ニシマチ
2205	ジーユー	ユニクロ／ジーユー　オンライン　粟生津
2206	ジーユー	ＵＮＩＱＬＯ　ＧＵ　ＯＮＬＩＮＥ　中津川
2207	ジーユー	ＵＮＩＱＬＯ　ＧＵ　ＯＮＬＩＮＥ　大宮町
2208	ジーユー	ジーユー　ヤケヤマ
2209	ジーユー	ＣＡＳＡ　ＤＥＬ　ＧＵＡＰＯ　北安江
2210	ジーユー	ＧＵ　笹川
2211	ジーユー	ＧＵ　吉田
2212	ジーユー	ジーユー　ツクリヤダイ
2213	ジーユー	ユニクロ／ジーユー　オンライン　我如古
2214	ジーユー	ユニクロ　ジーユー　オンライン　ウエノマチ
2215	ジーユー	ＧＵ　大塩
2216	ジーユー	ＣＡＳＡ　ＤＥＬ　ＧＵＡＰＯ　西新宿住友不動産新宿オークタワー（
2217	ジーユー	ＵＮＩＱＬＯ／ＧＵ　ＯＮＬＩＮＥ　一条
2218	ジーユー	ステーキ　ＧＵＳＴＯ　中道
2219	ジーユー	ステーキ　ＧＵＳＴＯ　中之町（東三本木通丸太町上る）
2220	ジーユー	ＧＵ　井野
2221	ジーユー	ユニクロ　ジーユー　オンライン　レンペイチョウ
2222	ジーユー	ＣＡＳＡ　ＤＥＬ　ＧＵＡＰＯ　福島
2223	ジーユー	Ｓ　ＧＵＳＴＯ　文化町
2224	ジーユー	Ｓ　ＧＵＳＴＯ　本牧満坂
2225	ジーユー	ＵＮＩＱＬＯ／ＧＵ　ＯＮＬＩＮＥ　つくりや台
2226	ジーユー	ジーユー　コエトイムラ（カバオカ）
2227	ジーユー	ユニクロ　ジーユー　オンライン　カワカミチョウ
2228	ジーユー	Ｓ　ＧＵＳＴＯ　発寒十三条
2229	ジーユー	ユニクロ／ジーユー　オンライン　飛内
2230	ジーユー	ＧＵ　殿町
2231	ジーユー	ユニクロ／ジーユー　オンライン　布沼
2232	ジーユー	ＵＮＩＱＬＯ／ＧＵ　ＯＮＬＩＮＥ　坂口通
2233	ジーユー	Ｓ　ＧＵＳＴＯ　吉川
2234	ジーユー	ＧＵ　釜石
2235	ジーユー	ステーキ　ＧＵＳＴＯ　楠葉中町
2236	ジーユー	ＣＡＳＡ　ＤＥＬ　ＧＵＡＰＯ　茂尻町
2237	ジーユー	ユニクロ　ジーユー　オンライン　ウシオムラ
2238	ジーユー	ユニクロ　ジーユー　オンライン　シモヤマ
2239	ジーユー	ユニクロ　ジーユー　オンライン　チュウオウ
2240	ジーユー	ジーユー　カナヤフジミチョウ
2241	ジーユー	ユニクロ／ジーユー　オンライン　羽田
2242	ジーユー	Ｓ　ＧＵＳＴＯ　君が峰町
2243	ジーユー	ＣＡＳＡ　ＤＥＬ　ＧＵＡＰＯ　岩瀬
2244	ジーユー	ＧＵ　山鹿
2245	ジーユー	ＣＡＳＡ　ＤＥＬ　ＧＵＡＰＯ　満水
2246	ジーユー	ユニクロ　ジーユー　オンライン　マツダテイノウエ
2247	ジーユー	ＧＵ　桧木
2248	ジーユー	ＧＵ　平川
2249	ジーユー	ユニクロ　ジーユー　オンライン　アリタマニシマチ
2250	ジーユー	Ｓ　ＧＵＳＴＯ　高橋
2251	ジーユー	ステーキ　ＧＵＳＴＯ　鯏浦町（西前新田）
2252	ジーユー	ＵＮＩＱＬＯ　ＧＵ　ＯＮＬＩＮＥ　大川町駒鳴
2253	ジーユー	ステーキ　ＧＵＳＴＯ　広岡
2254	ジーユー	ユニクロ　ジーユー　オンライン　チュウオウチョウ
2255	ジーユー	Ｓ　ＧＵＳＴＯ　香取
2256	ジーユー	ＵＮＩＱＬＯ／ＧＵ　ＯＮＬＩＮＥ　大野原町萩原
2257	ジーユー	ジーユー　ヨシキタ
2258	ジーユー	Ｓ　ＧＵＳＴＯ　南登美ケ丘
2259	ジーユー	ユニクロ／ジーユー　オンライン　時田
2260	ジーユー	ジーユー　ミヤザキマチ
2261	ジーユー	ＵＮＩＱＬＯ／ＧＵ　ＯＮＬＩＮＥ　松が枝町
2262	ジーユー	ＧＵ　時沢
2263	ジーユー	ＣＡＳＡ　ＤＥＬ　ＧＵＡＰＯ　上田
2264	ジーユー	Ｓ　ＧＵＳＴＯ　稲場町
2265	ジーユー	ステーキ　ＧＵＳＴＯ　本江（足洗）
2266	ジーユー	ＣＡＳＡ　ＤＥＬ　ＧＵＡＰＯ　陶生町
2267	ジーユー	ＣＡＳＡ　ＤＥＬ　ＧＵＡＰＯ　南町
2268	ジーユー	ステーキ　ＧＵＳＴＯ　山田
2269	ジーユー	ＵＮＩＱＬＯ／ＧＵ　ＯＮＬＩＮＥ　七宮町
2270	ジーユー	Ｓ　ＧＵＳＴＯ　上佐見
2271	ジーユー	ユニクロ　ジーユー　オンライン　タマモトチョウ
2272	ジーユー	Ｓ　ＧＵＳＴＯ　山岡町下手向
2273	ジーユー	ＣＡＳＡ　ＤＥＬ　ＧＵＡＰＯ　六本木住友不動産六本木グランドタワ
2274	ジーユー	ユニクロ／ジーユー　オンライン　上青井町
2275	ジーユー	ＣＡＳＡ　ＤＥＬ　ＧＵＡＰＯ　西吉田
2276	ジーユー	ステーキ　ＧＵＳＴＯ　海善寺
2277	ジーユー	ユニクロ　ジーユー　オンライン　ドアイマチ
2278	ジーユー	ユニクロ／ジーユー　オンライン　桜新町
2279	ジーユー	ユニクロ　ジーユー　オンライン　サカイマチ
2280	ジーユー	ジーユー　イマヅアケボノチョウ
2281	ジーユー	ユニクロ／ジーユー　オンライン　藪
2282	ジーユー	ＧＵ　堂川
2283	ジーユー	ＧＵ　保原町大泉
2284	ジーユー	ジーユー　コロモザキチョウ
2285	ジーユー	ユニクロ／ジーユー　オンライン　新町
2286	ジーユー	ユニクロ　ジーユー　オンライン　イマミツ
2287	ジーユー	ＵＮＩＱＬＯ　ＧＵ　ＯＮＬＩＮＥ　明神前
2288	ジーユー	ユニクロ／ジーユー　オンライン　外側
2289	ジーユー	Ｓ　ＧＵＳＴＯ　大関
2290	ジーユー	Ｓ　ＧＵＳＴＯ　平池町グローバルゲート（６階）
2291	ジーユー	Ｓ　ＧＵＳＴＯ　仁保南
2292	ジーユー	ＵＮＩＱＬＯ　ＧＵ　ＯＮＬＩＮＥ　浜新田
2293	ジーユー	ステーキ　ＧＵＳＴＯ　平田中町
2294	ジーユー	ジーユー　ハシヅメヒガシ
2295	ジーユー	ＵＮＩＱＬＯ　ＧＵ　ＯＮＬＩＮＥ　小松原町
2296	ジーユー	ユニクロ／ジーユー　オンライン　宗谷村（東浦）
2297	ジーユー	ステーキ　ＧＵＳＴＯ　下小舟渡
2298	ジーユー	ＵＮＩＱＬＯ／ＧＵ　ＯＮＬＩＮＥ　熊袋
2299	ジーユー	ＣＡＳＡ　ＤＥＬ　ＧＵＡＰＯ　豊町
2300	ジーユー	ＵＮＩＱＬＯ　ＧＵ　ＯＮＬＩＮＥ　岡出
2301	ジーユー	ＵＮＩＱＬＯ／ＧＵ　ＯＮＬＩＮＥ　中川
2302	ジーユー	ＣＡＳＡ　ＤＥＬ　ＧＵＡＰＯ　四箇田団地
2303	ジーユー	ＣＡＳＡ　ＤＥＬ　ＧＵＡＰＯ　笄島
2304	ジーユー	ＧＵ　岩出山上野目
2305	ジーユー	ＧＵ　大森
2306	ジーユー	ジーユー　ミナミアズマチョウ
2307	ジーユー	Ｓ　ＧＵＳＴＯ　代
2308	ジーユー	ジーユー　キリハタ
2309	ジーユー	ＣＡＳＡ　ＤＥＬ　ＧＵＡＰＯ　領石
2310	ジーユー	Ｓ　ＧＵＳＴＯ　市野々
2311	ジーユー	ステーキ　ＧＵＳＴＯ　細工町
2312	ジーユー	Ｓ　ＧＵＳＴＯ　清水
2313	ジーユー	ユニクロ　ジーユー　オンライン　ツクタイエノマエ
2314	ジーユー	Ｓ　ＧＵＳＴＯ　天満町
2315	ジーユー	ユニクロ／ジーユー　オンライン　福原農場（福原）
2316	ジーユー	ステーキ　ＧＵＳＴＯ　大石
2317	ジーユー	ジーユー　ミトチョウトヨサワヒキツリ
2318	ジーユー	ＧＵ　防原町
2319	ジーユー	ＣＡＳＡ　ＤＥＬ　ＧＵＡＰＯ　大和町戸塚
2320	ジーユー	ＵＮＩＱＬＯ／ＧＵ　ＯＮＬＩＮＥ　新田窪
2321	ジーユー	ＧＵ　四ノ宮熊ケ谷
2322	ジーユー	Ｓ　ＧＵＳＴＯ　土橋
2323	ジーユー	ＵＮＩＱＬＯ　ＧＵ　ＯＮＬＩＮＥ　加茂町観音寺
2324	ジーユー	Ｓ　ＧＵＳＴＯ　柿崎区阿弥陀瀬
2325	ジーユー	ＧＵ　北野
2326	ジーユー	ＣＡＳＡ　ＤＥＬ　ＧＵＡＰＯ　光明町
2327	ジーユー	ＵＮＩＱＬＯ　ＧＵ　ＯＮＬＩＮＥ　硯町
2328	ジーユー	Ｓ　ＧＵＳＴＯ　厚賀町
2329	ジーユー	ジーユー　タカヤス
2330	ジーユー	ＣＡＳＡ　ＤＥＬ　ＧＵＡＰＯ　船町
2331	ジーユー	ＵＮＩＱＬＯ　ＧＵ　ＯＮＬＩＮＥ　大東町遠所
2332	ジーユー	ＵＮＩＱＬＯ　ＧＵ　ＯＮＬＩＮＥ　荒武
2333	ジーユー	ＵＮＩＱＬＯ／ＧＵ　ＯＮＬＩＮＥ　中央台
2334	ジーユー	ステーキ　ＧＵＳＴＯ　蕪木町
2335	ジーユー	ユニクロ　ジーユー　オンライン　シラスナチョウ
2336	ジーユー	ユニクロ／ジーユー　オンライン　陶栄町
2337	ジーユー	ユニクロ／ジーユー　オンライン　新琴似八条
2338	ジーユー	Ｓ　ＧＵＳＴＯ　下菅又
2339	ジーユー	ステーキ　ＧＵＳＴＯ　花岡町
2340	ジーユー	ＧＵ　鍛冶町
2341	ジーユー	ユニクロ／ジーユー　オンライン　二俣町大園
2342	ジーユー	ユニクロ　ジーユー　オンライン　シミズチョウ
2343	ジーユー	ＣＡＳＡ　ＤＥＬ　ＧＵＡＰＯ　上府北
2344	ジーユー	ＵＮＩＱＬＯ　ＧＵ　ＯＮＬＩＮＥ　中央アエル（６階）
2345	ジーユー	ジーユー　ニシナガオカチョウ
2346	ジーユー	ＵＮＩＱＬＯ／ＧＵ　ＯＮＬＩＮＥ　昭栄町
2347	ジーユー	ＣＡＳＡ　ＤＥＬ　ＧＵＡＰＯ　田麦野
2348	ジーユー	Ｓ　ＧＵＳＴＯ　西四十物町
2349	ジーユー	ユニクロ／ジーユー　オンライン　横町木の下
2350	ジーユー	ＧＵ　城見パナソニックタワー（２７階）
2351	ジーユー	ＵＮＩＱＬＯ　ＧＵ　ＯＮＬＩＮＥ　戸田
2352	ジーユー	ＧＵ　文久山
2353	ジーユー	ステーキ　ＧＵＳＴＯ　茨島
2354	ジーユー	ＧＵ　幌内
2355	ジーユー	ユニクロ　ジーユー　オンライン　ババヤマミドリ
2356	ジーユー	ユニクロ　ジーユー　オンライン　イシダ
2357	ジーユー	ＵＮＩＱＬＯ／ＧＵ　ＯＮＬＩＮＥ　天神町
2358	ジーユー	ジーユー　ヨシウミチョウホンジョウ
2359	ジーユー	ユニクロ　ジーユー　オンライン　カンノウ
2360	ジーユー	ＣＡＳＡ　ＤＥＬ　ＧＵＡＰＯ　浜ノ町
2361	ジーユー	ＣＡＳＡ　ＤＥＬ　ＧＵＡＰＯ　細堀町
2362	ジーユー	ＧＵ　下山田
2363	ジーユー	ＵＮＩＱＬＯ　ＧＵ　ＯＮＬＩＮＥ　風田
2364	ジーユー	ＧＵ　小泉
2365	ジーユー	ＧＵ　兀山町
2366	ジーユー	ＵＮＩＱＬＯ　ＧＵ　ＯＮＬＩＮＥ　緒方町越生
2367	ジーユー	ステーキ　ＧＵＳＴＯ　水沢黒子
2368	ジーユー	ＵＮＩＱＬＯ／ＧＵ　ＯＮＬＩＮＥ　丹後町家ノ谷
2369	ジーユー	Ｓ　ＧＵＳＴＯ　大土呂町
2370	ジーユー	ＵＮＩＱＬＯ／ＧＵ　ＯＮＬＩＮＥ　甲賀町滝
2371	ジーユー	Ｓ　ＧＵＳＴＯ　衣川夏秋
2372	ジーユー	ＵＮＩＱＬＯ　ＧＵ　ＯＮＬＩＮＥ　中村東町
2373	ジーユー	ユニクロ　ジーユー　オンライン　ヒガシヒラジマ
2374	ジーユー	ＣＡＳＡ　ＤＥＬ　ＧＵＡＰＯ　円池
2375	ジーユー	Ｓ　ＧＵＳＴＯ　堤
2376	ジーユー	ジーユー　ミヨグチ
2377	ジーユー	Ｓ　ＧＵＳＴＯ　上鹿妻
2378	ジーユー	ユニクロ　ジーユー　オンライン　モトイチバ
2379	ジーユー	ジーユー　ナカマチ
2380	ジーユー	Ｓ　ＧＵＳＴＯ　久美浜町新町
2381	ジーユー	ステーキ　ＧＵＳＴＯ　吉良町岡山
2382	ジーユー	ＵＮＩＱＬＯ／ＧＵ　ＯＮＬＩＮＥ　兵衛
2383	ジーユー	ステーキ　ＧＵＳＴＯ　丹陽町五日市場
2384	ジーユー	ＵＮＩＱＬＯ　ＧＵ　ＯＮＬＩＮＥ　本郷前川原
2385	ジーユー	ステーキ　ＧＵＳＴＯ　浜松町世界貿易センタービル（２５階）
2386	ジーユー	Ｓ　ＧＵＳＴＯ　殿町
2387	ジーユー	Ｓ　ＧＵＳＴＯ　儀徳町
2388	ジーユー	ジーユー　カミダマチ
2389	ジーユー	ユニクロ／ジーユー　オンライン　御供田
2390	ジーユー	ユニクロ　ジーユー　オンライン　ウラガワラクインナイ
2391	ジーユー	Ｓ　ＧＵＳＴＯ　矢島町木在
2392	ジーユー	ＵＮＩＱＬＯ／ＧＵ　ＯＮＬＩＮＥ　東宇塚
2393	ジーユー	ユニクロ／ジーユー　オンライン　御津町上佐脇松下
2394	ジーユー	ジーユー　ユノオマチ
2395	ジーユー	ジーユー　ニシババシリ
2396	ジーユー	ユニクロ／ジーユー　オンライン　防原町
2397	ジーユー	ユニクロ　ジーユー　オンライン　コシドノチョウ
2398	ジーユー	Ｓ　ＧＵＳＴＯ　乙
2399	ジーユー	ステーキ　ＧＵＳＴＯ　戎之町西
2400	ジーユー	ジーユー　オオクシ
2401	ジーユー	Ｓ　ＧＵＳＴＯ　紺屋
2402	ジーユー	ジーユー　コロモガワナツアキ
2403	ジーユー	ステーキ　ＧＵＳＴＯ　西大須賀
2404	ジーユー	ジーユー　イケダ
2405	ジーユー	ジーユー　ノムラチョウトミノカワ
2406	ジーユー	ユニクロ　ジーユー　オンライン　シマサキ
2407	ジーユー	ＵＮＩＱＬＯ　ＧＵ　ＯＮＬＩＮＥ　若木町南
2408	ジーユー	ＧＵ　皆葉
2409	ジーユー	ＧＵ　筒井町
2410	ジーユー	ジーユー　ミナミコマツダニ
2411	ジーユー	ＵＮＩＱＬＯ／ＧＵ　ＯＮＬＩＮＥ　五雲岱
2412	ジーユー	ジーユー　イタヤマチハママツアクトタワー（３４カイ）
2413	ジーユー	ユニクロ／ジーユー　オンライン　柿崎区江島新田
2414	ジーユー	ユニクロ／ジーユー　オンライン　魚屋町
2415	ジーユー	ユニクロ／ジーユー　オンライン　砂川
2416	ジーユー	Ｓ　ＧＵＳＴＯ　芳賀崎
2417	ジーユー	ＣＡＳＡ　ＤＥＬ　ＧＵＡＰＯ　川辺町
2418	ジーユー	ユニクロ／ジーユー　オンライン　新貝町
2419	ジーユー	ユニクロ／ジーユー　オンライン　沢岻
2420	ジーユー	ユニクロ／ジーユー　オンライン　羨古丹
2421	ジーユー	ＣＡＳＡ　ＤＥＬ　ＧＵＡＰＯ　下末松
2422	ジーユー	ユニクロ　ジーユー　オンライン　カミガモタカナワテチョウ
2423	ジーユー	ユニクロ　ジーユー　オンライン　イエシロ
2424	ジーユー	ＵＮＩＱＬＯ　ＧＵ　ＯＮＬＩＮＥ　十二道島
2425	ジーユー	ＵＮＩＱＬＯ／ＧＵ　ＯＮＬＩＮＥ　楚和
2426	ジーユー	ＣＡＳＡ　ＤＥＬ　ＧＵＡＰＯ　笹道
2427	ジーユー	ＧＵ　木之本町石道
2428	ジーユー	ＵＮＩＱＬＯ　ＧＵ　ＯＮＬＩＮＥ　東新橋電通本社ビル（２１階）
2429	ジーユー	ＣＡＳＡ　ＤＥＬ　ＧＵＡＰＯ　新清水
2430	ジーユー	ＣＡＳＡ　ＤＥＬ　ＧＵＡＰＯ　大宮通
2431	ジーユー	ＵＮＩＱＬＯ　ＧＵ　ＯＮＬＩＮＥ　福吉
2432	ジーユー	ユニクロ／ジーユー　オンライン　きよみ野
2433	ジーユー	ユニクロ／ジーユー　オンライン　沼返
2434	ジーユー	ＵＮＩＱＬＯ　ＧＵ　ＯＮＬＩＮＥ　出来島本町
2435	ジーユー	ＵＮＩＱＬＯ／ＧＵ　ＯＮＬＩＮＥ　富堂町
2436	ジーユー	ＵＮＩＱＬＯ／ＧＵ　ＯＮＬＩＮＥ　山崎町
2437	ジーユー	ユニクロ　ジーユー　オンライン　ガンバラ
2438	ジーユー	Ｓ　ＧＵＳＴＯ　日本橋日本橋高島屋三井ビルディング（２１階）
2439	ジーユー	ＵＮＩＱＬＯ　ＧＵ　ＯＮＬＩＮＥ　山岡町下手向
2440	ジーユー	ＵＮＩＱＬＯ　ＧＵ　ＯＮＬＩＮＥ　霞町
2441	ジーユー	ユニクロ／ジーユー　オンライン　保田
2442	ジーユー	ジーユー　シモコウジャクモトマチ
2443	ジーユー	ＵＮＩＱＬＯ／ＧＵ　ＯＮＬＩＮＥ　近平
2444	ジーユー	ステーキ　ＧＵＳＴＯ　淀江町中西尾
2445	ジーユー	ユニクロ／ジーユー　オンライン　新里
2446	ジーユー	ＧＵ　加倉
2447	ジーユー	ＵＮＩＱＬＯ　ＧＵ　ＯＮＬＩＮＥ　上郷上田乙（３２４４～３７５０
2448	ジーユー	ジーユー　ニシシンジュクシンジュクセンタービル（８カイ）
2449	ジーユー	ＵＮＩＱＬＯ　ＧＵ　ＯＮＬＩＮＥ　船水
2450	ジーユー	ＵＮＩＱＬＯ　ＧＵ　ＯＮＬＩＮＥ　上曽根
2451	ジーユー	ユニクロ／ジーユー　オンライン　新宮町鍛冶屋
2452	ジーユー	ＵＮＩＱＬＯ／ＧＵ　ＯＮＬＩＮＥ　九番町
2453	ジーユー	Ｓ　ＧＵＳＴＯ　川合
2454	ジーユー	ＧＵ　長嶺
2455	ジーユー	ユニクロ　ジーユー　オンライン　アサヒチョウ
2456	ジーユー	ＧＵ　飯山町西坂元
2457	ジーユー	ＧＵ　自力町
2458	ジーユー	ＣＡＳＡ　ＤＥＬ　ＧＵＡＰＯ　中熊（先内）
2459	ジーユー	ＵＮＩＱＬＯ／ＧＵ　ＯＮＬＩＮＥ　横手本町
2460	ジーユー	ＵＮＩＱＬＯ　ＧＵ　ＯＮＬＩＮＥ　下谷（下谷二区）
2461	ジーユー	ＵＮＩＱＬＯ／ＧＵ　ＯＮＬＩＮＥ　忍海
2462	ジーユー	ＧＵ　花水木
2463	ジーユー	Ｓ　ＧＵＳＴＯ　大工町（上ノ口通河原町東入、上ノ口通土手町西入、
2464	ジーユー	Ｓ　ＧＵＳＴＯ　大原
2465	ジーユー	ＧＵ　臥竜
2466	ジーユー	ＧＵ　寺具
2467	ジーユー	ＣＡＳＡ　ＤＥＬ　ＧＵＡＰＯ　笹賀
2468	ジーユー	Ｓ　ＧＵＳＴＯ　掛合町波多
2469	ジーユー	ユニクロ／ジーユー　オンライン　南大池
2470	ジーユー	ＵＮＩＱＬＯ／ＧＵ　ＯＮＬＩＮＥ　瀬峰野沢
2471	ジーユー	ＵＮＩＱＬＯ　ＧＵ　ＯＮＬＩＮＥ　吉田町吉田
2472	ジーユー	ＧＵ　成本
2473	ジーユー	Ｓ　ＧＵＳＴＯ　妙光寺
2474	ジーユー	ジーユー　ハラマチ
2475	ジーユー	ユニクロ／ジーユー　オンライン　立山
2476	ジーユー	ＣＡＳＡ　ＤＥＬ　ＧＵＡＰＯ　倉見
2477	ジーユー	Ｓ　ＧＵＳＴＯ　下松ノ木平
2478	ジーユー	ユニクロ／ジーユー　オンライン　幌内
2479	ジーユー	ＵＮＩＱＬＯ　ＧＵ　ＯＮＬＩＮＥ　角館町下新町
2480	ジーユー	ユニクロ／ジーユー　オンライン　金成翁沢
2481	ジーユー	ジーユー　イシカワ
2482	ジーユー	ユニクロ　ジーユー　オンライン　タロウマルシンヤシキ
2483	ジーユー	ユニクロ　ジーユー　オンライン　カワシマアワタチョウ
2484	ジーユー	ジーユー　ナナサキ
2485	ジーユー	ユニクロ　ジーユー　オンライン　シオミチョウ
2486	ジーユー	ＣＡＳＡ　ＤＥＬ　ＧＵＡＰＯ　貰人
2487	ジーユー	ＵＮＩＱＬＯ／ＧＵ　ＯＮＬＩＮＥ　李平上山崎
2488	ジーユー	ＧＵ　遊部川原
2489	ジーユー	ステーキ　ＧＵＳＴＯ　西枇杷島町泉
2490	ジーユー	ジーユー　シノノメ
2491	ジーユー	ＵＮＩＱＬＯ／ＧＵ　ＯＮＬＩＮＥ　三村
2492	ジーユー	ＵＮＩＱＬＯ／ＧＵ　ＯＮＬＩＮＥ　渋民
2493	ジーユー	ＣＡＳＡ　ＤＥＬ　ＧＵＡＰＯ　唐桑町上川原
2494	ジーユー	ＵＮＩＱＬＯ　ＧＵ　ＯＮＬＩＮＥ　小松台西
2495	ジーユー	ＵＮＩＱＬＯ　ＧＵ　ＯＮＬＩＮＥ　津志田
2496	ジーユー	ユニクロ　ジーユー　オンライン　キタウラ
2497	ジーユー	ＵＮＩＱＬＯ　ＧＵ　ＯＮＬＩＮＥ　松屋町
2498	ジーユー	ジーユー　タモミチョウ
2499	ジーユー	ステーキ　ＧＵＳＴＯ　甲奴町有田
2500	ジーユー	ＵＮＩＱＬＯ／ＧＵ　ＯＮＬＩＮＥ　一条北
2501	ジーユー	ＵＮＩＱＬＯ／ＧＵ　ＯＮＬＩＮＥ　様舞
2502	ジーユー	ステーキ　ＧＵＳＴＯ　松江本町
2503	ジーユー	Ｓ　ＧＵＳＴＯ　蛭川町
2504	ジーユー	ＣＡＳＡ　ＤＥＬ　ＧＵＡＰＯ　岩窪町
2505	ジーユー	ＣＡＳＡ　ＤＥＬ　ＧＵＡＰＯ　立田町
2506	ジーユー	ステーキ　ＧＵＳＴＯ　嵯峨大覚寺門前八軒町
2507	ジーユー	ＣＡＳＡ　ＤＥＬ　ＧＵＡＰＯ　峠向
2508	ジーユー	ＧＵ　島崎
2509	ジーユー	ＧＵ　蓮如町
2510	ジーユー	ＵＮＩＱＬＯ　ＧＵ　ＯＮＬＩＮＥ　伊集院町大田（久木野々石塚）
2511	ジーユー	ステーキ　ＧＵＳＴＯ　附洲新田
2512	ジーユー	ステーキ　ＧＵＳＴＯ　松岡
2513	ジーユー	Ｓ　ＧＵＳＴＯ　中畑
2514	ジーユー	ジーユー　キタカタマチスゲバル
2515	ジーユー	ユニクロ／ジーユー　オンライン　豊
2516	ジーユー	ステーキ　ＧＵＳＴＯ　今里
2517	ジーユー	ジーユー　ヨシダチョウヨシダ
2518	ジーユー	ステーキ　ＧＵＳＴＯ　田水山
2519	ジーユー	Ｓ　ＧＵＳＴＯ　上馬渡
2520	ジーユー	ステーキ　ＧＵＳＴＯ　元新在家町
2521	ジーユー	ＵＮＩＱＬＯ　ＧＵ　ＯＮＬＩＮＥ　鳥浜
2522	ジーユー	ＵＮＩＱＬＯ／ＧＵ　ＯＮＬＩＮＥ　浜町
2523	ジーユー	ジーユー　ナラヅ
2524	ジーユー	ＧＵ　米野町
2525	ジーユー	ＣＡＳＡ　ＤＥＬ　ＧＵＡＰＯ　生津天王東町
2526	ジーユー	ＵＮＩＱＬＯ　ＧＵ　ＯＮＬＩＮＥ　長谷町
2527	ジーユー	Ｓ　ＧＵＳＴＯ　西大道町五輪塚
2528	ジーユー	ユニクロ　ジーユー　オンライン　センダイ
2529	ジーユー	ＧＵ　山手台新町
2530	ジーユー	ユニクロ　ジーユー　オンライン　タカミヤチョウボウゴ
2531	ジーユー	ＣＡＳＡ　ＤＥＬ　ＧＵＡＰＯ　並松町
2532	ジーユー	Ｓ　ＧＵＳＴＯ　原田南
2533	ジーユー	Ｓ　ＧＵＳＴＯ　丸の内
2534	ジーユー	ステーキ　ＧＵＳＴＯ　中之町
2535	ジーユー	ＵＮＩＱＬＯ／ＧＵ　ＯＮＬＩＮＥ　湯布院町中川
2536	ジーユー	ユニクロ／ジーユー　オンライン　八街に
2537	ジーユー	ＣＡＳＡ　ＤＥＬ　ＧＵＡＰＯ　中川
2538	ジーユー	ＣＡＳＡ　ＤＥＬ　ＧＵＡＰＯ　薄波
2539	ジーユー	ＧＵ　大塚南
2540	ジーユー	ジーユー　ハクサン
2541	ジーユー	ＵＮＩＱＬＯ／ＧＵ　ＯＮＬＩＮＥ　下之町
2542	ジーユー	ユニクロ／ジーユー　オンライン　鴨沢
2543	ジーユー	ＵＮＩＱＬＯ　ＧＵ　ＯＮＬＩＮＥ　神和台
2544	ジーユー	ＵＮＩＱＬＯ／ＧＵ　ＯＮＬＩＮＥ　上高野三反田町
2545	ジーユー	ユニクロ　ジーユー　オンライン　イシデラチョウ
2546	ジーユー	ＵＮＩＱＬＯ／ＧＵ　ＯＮＬＩＮＥ　山川岡児ケ水
2547	ジーユー	ＵＮＩＱＬＯ　ＧＵ　ＯＮＬＩＮＥ　本野町
2548	ジーユー	ＵＮＩＱＬＯ／ＧＵ　ＯＮＬＩＮＥ　川口相川
2549	ジーユー	ＣＡＳＡ　ＤＥＬ　ＧＵＡＰＯ　木下
2550	ジーユー	ジーユー　トサヤマショウブ
2551	ジーユー	ジーユー　ハラクラ
2552	ジーユー	ＣＡＳＡ　ＤＥＬ　ＧＵＡＰＯ　稲下
2553	ジーユー	ＧＵ　大野筏津
2554	ジーユー	ＵＮＩＱＬＯ　ＧＵ　ＯＮＬＩＮＥ　星鹿町青島免
2555	ジーユー	ＧＵ　勝本町北触
2556	ジーユー	ＣＡＳＡ　ＤＥＬ　ＧＵＡＰＯ　下菅又
2557	ジーユー	Ｓ　ＧＵＳＴＯ　境谷
2558	ジーユー	ステーキ　ＧＵＳＴＯ　太子堂
2559	ジーユー	Ｓ　ＧＵＳＴＯ　小江町
2560	ジーユー	ＵＮＩＱＬＯ／ＧＵ　ＯＮＬＩＮＥ　山川町春日
2561	ジーユー	ジーユー　ハナオカマチ
2562	ジーユー	ステーキ　ＧＵＳＴＯ　緑町
2563	ジーユー	ステーキ　ＧＵＳＴＯ　西番
2564	ジーユー	Ｓ　ＧＵＳＴＯ　湯ノ浦
2565	ジーユー	ＵＮＩＱＬＯ／ＧＵ　ＯＮＬＩＮＥ　塩中
2566	ジーユー	ＵＮＩＱＬＯ／ＧＵ　ＯＮＬＩＮＥ　山下
2567	ジーユー	ユニクロ　ジーユー　オンライン　ハヤシヤマチョウ
2568	ジーユー	ＵＮＩＱＬＯ／ＧＵ　ＯＮＬＩＮＥ　津門西口町
2569	ジーユー	ステーキ　ＧＵＳＴＯ　米山町中道前
2570	ジーユー	ユニクロ　ジーユー　オンライン　トヨサカチョウノウラ
2571	ジーユー	ＵＮＩＱＬＯ／ＧＵ　ＯＮＬＩＮＥ　竹田
2572	ジーユー	ＧＵ　吉北
2573	ジーユー	ＵＮＩＱＬＯ／ＧＵ　ＯＮＬＩＮＥ　大島区嶺
2574	ジーユー	ステーキ　ＧＵＳＴＯ　浦宿浜
2575	ジーユー	ユニクロ　ジーユー　オンライン　ヤマナワシロ
2576	ジーユー	ユニクロ　ジーユー　オンライン　アキル
2577	ジーユー	ＧＵ　小屋
2578	ジーユー	ジーユー　ナンガイヒラカタ
2579	ジーユー	Ｓ　ＧＵＳＴＯ　落折
2580	ジーユー	ジーユー　キタマチ
2581	ジーユー	ステーキ　ＧＵＳＴＯ　流通センター
2582	ジーユー	ジーユー　トヨストヨスセンタービル（７カイ）
2583	ジーユー	ステーキ　ＧＵＳＴＯ　芦辺町深江東触
2584	ジーユー	ユニクロ／ジーユー　オンライン　大門町
2585	ジーユー	ユニクロ　ジーユー　オンライン　タカハギヒガシ
2586	ジーユー	ユニクロ／ジーユー　オンライン　戎之町西
2587	ジーユー	ＧＵ　霊仙寺
2588	ジーユー	ＣＡＳＡ　ＤＥＬ　ＧＵＡＰＯ　豊年橋通り
2589	ジーユー	ジーユー　ウカヅカ
2590	ジーユー	ＵＮＩＱＬＯ／ＧＵ　ＯＮＬＩＮＥ　藤平田
2591	ジーユー	ＣＡＳＡ　ＤＥＬ　ＧＵＡＰＯ　安心院町上内河野
2592	ジーユー	ＵＮＩＱＬＯ／ＧＵ　ＯＮＬＩＮＥ　渋井
2593	ジーユー	Ｓ　ＧＵＳＴＯ　塩山平沢
2594	ジーユー	ユニクロ／ジーユー　オンライン　西下条町
2595	ジーユー	ユニクロ／ジーユー　オンライン　西吉田
2596	ジーユー	ユニクロ／ジーユー　オンライン　金渕乙
2597	ジーユー	ＵＮＩＱＬＯ／ＧＵ　ＯＮＬＩＮＥ　妙光寺
2598	ジーユー	ＧＵ　中洲
2599	ジーユー	ＵＮＩＱＬＯ　ＧＵ　ＯＮＬＩＮＥ　日進町
2600	ジーユー	ユニクロ　ジーユー　オンライン　アカノ
2601	ジーユー	ユニクロ　ジーユー　オンライン　マチヤ
2602	ジーユー	ユニクロ／ジーユー　オンライン　鴨島町麻植塚
2603	ジーユー	ジーユー　ヒララシモザト
2604	ジーユー	ＣＡＳＡ　ＤＥＬ　ＧＵＡＰＯ　上東
2605	ジーユー	ステーキ　ＧＵＳＴＯ　古関
2606	ジーユー	Ｓ　ＧＵＳＴＯ　中央ＳＳ３０住友生命仙台中央ビル（２７階）
2607	ジーユー	ジーユー　モトマチ
2608	ジーユー	ＵＮＩＱＬＯ　ＧＵ　ＯＮＬＩＮＥ　豊田町金道
2609	ジーユー	ＵＮＩＱＬＯ／ＧＵ　ＯＮＬＩＮＥ　市ケ原町
2610	ジーユー	Ｓ　ＧＵＳＴＯ　宮代町
2611	ジーユー	ＧＵ　内野
2612	ジーユー	ＣＡＳＡ　ＤＥＬ　ＧＵＡＰＯ　西山田
2613	ジーユー	ユニクロ　ジーユー　オンライン　シモトバナカサンチョウ
2614	ジーユー	ステーキ　ＧＵＳＴＯ　中浦
2615	ジーユー	ステーキ　ＧＵＳＴＯ　十王堂北
2616	ジーユー	ＧＵ　中雪裡（西）
2617	ジーユー	ユニクロ／ジーユー　オンライン　安心院町新貝
2618	ジーユー	ユニクロ／ジーユー　オンライン　平田西
2619	ジーユー	ユニクロ　ジーユー　オンライン　ダイモンチョウ
2620	ジーユー	ＣＡＳＡ　ＤＥＬ　ＧＵＡＰＯ　本町西
2621	ジーユー	ユニクロ　ジーユー　オンライン　カミエベツ
2622	ジーユー	ＵＮＩＱＬＯ　ＧＵ　ＯＮＬＩＮＥ　川島粟田町
2623	ジーユー	ＵＮＩＱＬＯ　ＧＵ　ＯＮＬＩＮＥ　衣川懸田
2624	ジーユー	ＣＡＳＡ　ＤＥＬ　ＧＵＡＰＯ　草薙杉道
2625	ジーユー	ジーユー　タンバラチョウナガノ
2626	ジーユー	ユニクロ　ジーユー　オンライン　マツザカチョウ
2627	ジーユー	ジーユー　ホベツイナサト
2628	ジーユー	ＣＡＳＡ　ＤＥＬ　ＧＵＡＰＯ　一宇（漆野瀬、河内、桑平、葛籠、平
2629	ジーユー	ユニクロ　ジーユー　オンライン　タカシミズテイシンメイ
2630	ジーユー	ＵＮＩＱＬＯ／ＧＵ　ＯＮＬＩＮＥ　下苗代川目
2631	ジーユー	ステーキ　ＧＵＳＴＯ　弁分
2632	ジーユー	ＧＵ　千田
2633	ジーユー	Ｓ　ＧＵＳＴＯ　曙町
2634	ジーユー	ＣＡＳＡ　ＤＥＬ　ＧＵＡＰＯ　町
2635	ジーユー	ユニクロ　ジーユー　オンライン　タケヤ
2636	ジーユー	ジーユー　フチュウ
2637	ジーユー	ユニクロ／ジーユー　オンライン　下関
2638	ジーユー	ＵＮＩＱＬＯ／ＧＵ　ＯＮＬＩＮＥ　城見ＭＩＤタワー（９階）
2639	ジーユー	ステーキ　ＧＵＳＴＯ　延広町
2640	ジーユー	ＵＮＩＱＬＯ　ＧＵ　ＯＮＬＩＮＥ　北村
2641	ジーユー	ステーキ　ＧＵＳＴＯ　工団町
2642	ジーユー	ＣＡＳＡ　ＤＥＬ　ＧＵＡＰＯ　質美
2643	ジーユー	ジーユー　ゴクデンマチ
2644	ジーユー	ＧＵ　千津井
2645	ジーユー	Ｓ　ＧＵＳＴＯ　荒武
2646	ジーユー	ユニクロ　ジーユー　オンライン　オオハラグチツキヌケチョウ
2647	ジーユー	ジーユー　オオハラショウリンインチョウ
2648	ジーユー	ジーユー　アヅマチョウモトムラミョウ
2649	ジーユー	ユニクロ／ジーユー　オンライン　伊呂波町
2650	ジーユー	Ｓ　ＧＵＳＴＯ　五井中央東
2651	ジーユー	ジーユー　ミナミヒヨシチョウ
2652	ジーユー	ＣＡＳＡ　ＤＥＬ　ＧＵＡＰＯ　松ケ崎呼返町
2653	ジーユー	ジーユー　イワヤ
2654	ジーユー	ユニクロ　ジーユー　オンライン　タミナ
2655	ジーユー	ＧＵ　丸山
2656	ジーユー	ユニクロ　ジーユー　オンライン　チャナイヒガシ３セン
2657	ジーユー	ユニクロ　ジーユー　オンライン　ココオゲ
2658	ジーユー	Ｓ　ＧＵＳＴＯ　津金沢
2659	ジーユー	Ｓ　ＧＵＳＴＯ　平口町
2660	ジーユー	ＧＵ　尾谷
2661	ジーユー	ユニクロ　ジーユー　オンライン　ワカサクナイ
2662	ジーユー	Ｓ　ＧＵＳＴＯ　西新宿新宿三井ビル（４２階）
2663	ジーユー	ＵＮＩＱＬＯ　ＧＵ　ＯＮＬＩＮＥ　丸の内丸の内パークビルディング
2664	ジーユー	ＵＮＩＱＬＯ　ＧＵ　ＯＮＬＩＮＥ　春江町中庄
2665	ジーユー	ユニクロ　ジーユー　オンライン　アンサイ
2666	ジーユー	ＵＮＩＱＬＯ／ＧＵ　ＯＮＬＩＮＥ　人丸町
2667	ジーユー	ジーユー　ヒガシサカド
2668	ジーユー	ＵＮＩＱＬＯ／ＧＵ　ＯＮＬＩＮＥ　八尾町西新町
2669	ジーユー	ユニクロ／ジーユー　オンライン　天満橋ＯＡＰタワー（６階）
2670	ジーユー	ＵＮＩＱＬＯ　ＧＵ　ＯＮＬＩＮＥ　中島町
2671	ジーユー	ＵＮＩＱＬＯ　ＧＵ　ＯＮＬＩＮＥ　保原町大泉
2672	ジーユー	ＣＡＳＡ　ＤＥＬ　ＧＵＡＰＯ　吉田
2673	ジーユー	ステーキ　ＧＵＳＴＯ　植田本町
2674	ジーユー	ＵＮＩＱＬＯ／ＧＵ　ＯＮＬＩＮＥ　豊西町
2675	ジーユー	ＵＮＩＱＬＯ　ＧＵ　ＯＮＬＩＮＥ　榴ケ岡
2676	ジーユー	ユニクロ　ジーユー　オンライン　コヤマチョウ
2677	ジーユー	ステーキ　ＧＵＳＴＯ　大袋町
2678	ジーユー	ＧＵ　田老駿達
2679	ジーユー	ステーキ　ＧＵＳＴＯ　呉羽昭和町
2680	ジーユー	ＵＮＩＱＬＯ／ＧＵ　ＯＮＬＩＮＥ　紙子屋町
2681	ジーユー	ステーキ　ＧＵＳＴＯ　藤山
2682	ジーユー	ＵＮＩＱＬＯ／ＧＵ　ＯＮＬＩＮＥ　大工町
2683	ジーユー	ＧＵ　風呂屋町
2684	ジーユー	ＵＮＩＱＬＯ／ＧＵ　ＯＮＬＩＮＥ　青河町
2685	ジーユー	ＣＡＳＡ　ＤＥＬ　ＧＵＡＰＯ　桐ケ作
2686	ジーユー	ジーユー　トラリ
2687	ジーユー	ＵＮＩＱＬＯ／ＧＵ　ＯＮＬＩＮＥ　川口
2688	ジーユー	ＣＡＳＡ　ＤＥＬ　ＧＵＡＰＯ　加茂町岩船
2689	ジーユー	ステーキ　ＧＵＳＴＯ　上野寿町
2690	ジーユー	ジーユー　イクタママエマチ
2691	ジーユー	ステーキ　ＧＵＳＴＯ　天満橋ＯＡＰタワー（３１階）
2692	ジーユー	ＣＡＳＡ　ＤＥＬ　ＧＵＡＰＯ　布巻町
2693	ジーユー	ジーユー　ミナミアサマ
2694	ジーユー	ＵＮＩＱＬＯ／ＧＵ　ＯＮＬＩＮＥ　万平町
2695	ジーユー	ジーユー　ヤマトマチトヨハラ
2696	ジーユー	ＵＮＩＱＬＯ　ＧＵ　ＯＮＬＩＮＥ　熊坂
2697	ジーユー	ＵＮＩＱＬＯ／ＧＵ　ＯＮＬＩＮＥ　増間
2698	ジーユー	Ｓ　ＧＵＳＴＯ　西京極西衣手町
2699	ジーユー	ＧＵ　高田
2700	ジーユー	ＵＮＩＱＬＯ／ＧＵ　ＯＮＬＩＮＥ　北安江
2701	ジーユー	ユニクロ／ジーユー　オンライン　古月
2702	ジーユー	ＣＡＳＡ　ＤＥＬ　ＧＵＡＰＯ　明徳町
2703	ジーユー	ＵＮＩＱＬＯ／ＧＵ　ＯＮＬＩＮＥ　湖城が丘
2704	ジーユー	ジーユー　ダイゴカギオチョウ
2705	ジーユー	ユニクロ／ジーユー　オンライン　永原町中
2706	ジーユー	ＵＮＩＱＬＯ／ＧＵ　ＯＮＬＩＮＥ　中郷区岡沢
2707	ジーユー	ＵＮＩＱＬＯ　ＧＵ　ＯＮＬＩＮＥ　鳩原
2708	ジーユー	ＵＮＩＱＬＯ　ＧＵ　ＯＮＬＩＮＥ　上分甲
2709	ジーユー	ジーユー　カスガチョウ
2710	ジーユー	ＣＡＳＡ　ＤＥＬ　ＧＵＡＰＯ　本町
2711	ジーユー	ジーユー　サヅカワチョウ
2712	ジーユー	ジーユー　アマクサマチオオエ
2713	ジーユー	ＧＵ　昭和
2714	ジーユー	ＵＮＩＱＬＯ　ＧＵ　ＯＮＬＩＮＥ　大井戸町
2715	ジーユー	ＣＡＳＡ　ＤＥＬ　ＧＵＡＰＯ　勿来町（酒井）
2716	ジーユー	ユニクロ　ジーユー　オンライン　ニシガタ（シタタ）
2717	ジーユー	ステーキ　ＧＵＳＴＯ　上ノ町
2718	ジーユー	ＵＮＩＱＬＯ／ＧＵ　ＯＮＬＩＮＥ　樫山町
2719	ジーユー	ＧＵ　東沼波町
2720	ジーユー	ユニクロ　ジーユー　オンライン　ウシロクボ
2721	ジーユー	ＵＮＩＱＬＯ／ＧＵ　ＯＮＬＩＮＥ　吉川町田谷
2722	ジーユー	ＧＵ　八幡町
2723	ジーユー	ジーユー　イイジマブンキョウチョウ
2724	ジーユー	ユニクロ／ジーユー　オンライン　西三条南
2725	ジーユー	ＵＮＩＱＬＯ／ＧＵ　ＯＮＬＩＮＥ　肴町
2726	ジーユー	ユニクロ　ジーユー　オンライン　ゲイン
2727	ジーユー	Ｓ　ＧＵＳＴＯ　南外下荒沢
2728	ジーユー	ＵＮＩＱＬＯ／ＧＵ　ＯＮＬＩＮＥ　東町
2729	ジーユー	ジーユー　タイユウムカイダ
2730	ジーユー	ステーキ　ＧＵＳＴＯ　上細江町
2731	ジーユー	ユニクロ／ジーユー　オンライン　下鴨萩ケ垣内町
2732	ジーユー	ユニクロ／ジーユー　オンライン　晴海町
2733	ジーユー	ユニクロ／ジーユー　オンライン　興南町
2734	ジーユー	ユニクロ／ジーユー　オンライン　上風連
2735	ジーユー	ＵＮＩＱＬＯ／ＧＵ　ＯＮＬＩＮＥ　仁井田本町
2736	ジーユー	ステーキ　ＧＵＳＴＯ　古川町中野
2737	ジーユー	ジーユー　オサカ
2738	ジーユー	ユニクロ　ジーユー　オンライン　ハマサカ
2739	ジーユー	ジーユー　ミナミトミガオカ
2740	ジーユー	ユニクロ／ジーユー　オンライン　北四条西（１～１９丁目）
2741	ジーユー	ユニクロ／ジーユー　オンライン　肴町
2742	ジーユー	ステーキ　ＧＵＳＴＯ　生田原八重
2743	ジーユー	ジーユー　センゲン
2744	ジーユー	Ｓ　ＧＵＳＴＯ　粕川町膳
2745	ジーユー	ステーキ　ＧＵＳＴＯ　相川下戸町
2746	ジーユー	Ｓ　ＧＵＳＴＯ　新富町
2747	ジーユー	ジーユー　ミナミアベ（３チョウメ）
2748	ジーユー	ユニクロ／ジーユー　オンライン　舞木東
2749	ジーユー	ステーキ　ＧＵＳＴＯ　鮎川浜丁
2750	ジーユー	ＧＵ　北角
2751	ジーユー	ＵＮＩＱＬＯ　ＧＵ　ＯＮＬＩＮＥ　京北下黒田町
2752	ジーユー	ステーキ　ＧＵＳＴＯ　名駅ミッドランドスクエア（高層棟）（２８階
2753	ジーユー	Ｓ　ＧＵＳＴＯ　志津川廻館前
2754	ジーユー	ＵＮＩＱＬＯ／ＧＵ　ＯＮＬＩＮＥ　西長岡町
2755	ジーユー	ユニクロ／ジーユー　オンライン　別所町下石野
2756	ジーユー	ＵＮＩＱＬＯ　ＧＵ　ＯＮＬＩＮＥ　水口
2757	ジーユー	ステーキ　ＧＵＳＴＯ　沼沢
2758	ジーユー	ＵＮＩＱＬＯ／ＧＵ　ＯＮＬＩＮＥ　下油掛町
2759	ジーユー	ステーキ　ＧＵＳＴＯ　有田町
2760	ジーユー	ＣＡＳＡ　ＤＥＬ　ＧＵＡＰＯ　氷上町上新庄
2761	ジーユー	ジーユー　フナミチョウ
2762	ジーユー	ＵＮＩＱＬＯ／ＧＵ　ＯＮＬＩＮＥ　上石津町下山
2763	ジーユー	ＵＮＩＱＬＯ／ＧＵ　ＯＮＬＩＮＥ　小泊小泊
2764	ジーユー	ＵＮＩＱＬＯ　ＧＵ　ＯＮＬＩＮＥ　本郷町本谷
2765	ジーユー	ジーユー　カドイチョウ
2766	ジーユー	ユニクロ／ジーユー　オンライン　下津穂所町
2767	ジーユー	ＵＮＩＱＬＯ　ＧＵ　ＯＮＬＩＮＥ　志津留
2768	ジーユー	ＧＵ　川合
2769	ジーユー	ＵＮＩＱＬＯ　ＧＵ　ＯＮＬＩＮＥ　網島町
2770	ジーユー	ステーキ　ＧＵＳＴＯ　一迫上大土
2771	ジーユー	ＵＮＩＱＬＯ／ＧＵ　ＯＮＬＩＮＥ　箕輪町
2772	ジーユー	ユニクロ／ジーユー　オンライン　瀬古泉
2773	ジーユー	ＧＵ　土橋
2774	ジーユー	ユニクロ／ジーユー　オンライン　西川岸町
2775	ジーユー	ＣＡＳＡ　ＤＥＬ　ＧＵＡＰＯ　城見ＭＩＤタワー（５階）
2776	ジーユー	ＵＮＩＱＬＯ／ＧＵ　ＯＮＬＩＮＥ　三幸町
2777	ジーユー	ステーキ　ＧＵＳＴＯ　志井鷹羽台
2778	ジーユー	ＵＮＩＱＬＯ／ＧＵ　ＯＮＬＩＮＥ　西根
2779	ジーユー	ジーユー　ヒナタ
2780	ジーユー	ＣＡＳＡ　ＤＥＬ　ＧＵＡＰＯ　深井新田
2781	ジーユー	ユニクロ／ジーユー　オンライン　大谷
2782	ジーユー	ＵＮＩＱＬＯ　ＧＵ　ＯＮＬＩＮＥ　天祐団地
2783	ジーユー	ＵＮＩＱＬＯ／ＧＵ　ＯＮＬＩＮＥ　百戸町東
2784	ジーユー	ＵＮＩＱＬＯ　ＧＵ　ＯＮＬＩＮＥ　樫月
2785	ジーユー	ＧＵ　長津田みなみ台
2786	ジーユー	ステーキ　ＧＵＳＴＯ　台濁沢
2787	ジーユー	ユニクロ　ジーユー　オンライン　クグリキ
2788	ジーユー	ＣＡＳＡ　ＤＥＬ　ＧＵＡＰＯ　二ケ崎
2789	ジーユー	ユニクロ／ジーユー　オンライン　石和町広瀬
2790	ジーユー	ＧＵ　共栄町
2791	ジーユー	ＣＡＳＡ　ＤＥＬ　ＧＵＡＰＯ　西向
2792	ジーユー	ＵＮＩＱＬＯ　ＧＵ　ＯＮＬＩＮＥ　千田
2793	ジーユー	ＧＵ　萩原町萩原
2794	ジーユー	ステーキ　ＧＵＳＴＯ　萩原町宮田
2795	ジーユー	ＣＡＳＡ　ＤＥＬ　ＧＵＡＰＯ　風尾町
2796	ジーユー	Ｓ　ＧＵＳＴＯ　畑田
2797	ジーユー	ＵＮＩＱＬＯ　ＧＵ　ＯＮＬＩＮＥ　大新田
2798	ジーユー	ＣＡＳＡ　ＤＥＬ　ＧＵＡＰＯ　北熊
2799	ジーユー	ジーユー　ミヤノマチ
2800	ジーユー	ユニクロ／ジーユー　オンライン　深瀬新町
2801	ジーユー	ＵＮＩＱＬＯ　ＧＵ　ＯＮＬＩＮＥ　西新宿新宿三井ビル（地階・階層
2802	ジーユー	ユニクロ　ジーユー　オンライン　イワカミチョウ
2803	ジーユー	ＧＵ　篠木綾織
2804	ジーユー	ＵＮＩＱＬＯ／ＧＵ　ＯＮＬＩＮＥ　小川
2805	ジーユー	ＵＮＩＱＬＯ／ＧＵ　ＯＮＬＩＮＥ　神岡町土
2806	ジーユー	ジーユー　スミエマチ
2807	ジーユー	ユニクロ／ジーユー　オンライン　小和瀬
2808	ジーユー	ＧＵ　三城目
2809	ジーユー	ＣＡＳＡ　ＤＥＬ　ＧＵＡＰＯ　榎戸
2810	ジーユー	ユニクロ　ジーユー　オンライン　カイモリ
2811	ジーユー	ＧＵ　北八条東（８～１９丁目）
2812	ジーユー	ＵＮＩＱＬＯ　ＧＵ　ＯＮＬＩＮＥ　保原町西町
2813	ジーユー	ＵＮＩＱＬＯ／ＧＵ　ＯＮＬＩＮＥ　さくら町
2814	ジーユー	ＣＡＳＡ　ＤＥＬ　ＧＵＡＰＯ　森下
2815	ジーユー	ＵＮＩＱＬＯ　ＧＵ　ＯＮＬＩＮＥ　道場町平田
2816	ジーユー	ＵＮＩＱＬＯ　ＧＵ　ＯＮＬＩＮＥ　名瀬伊津部勝
2817	ジーユー	Ｓ　ＧＵＳＴＯ　法光寺
2818	ジーユー	ユニクロ　ジーユー　オンライン　タシロチョウ
2819	ジーユー	ステーキ　ＧＵＳＴＯ　新左衛門町
2820	ジーユー	ＵＮＩＱＬＯ／ＧＵ　ＯＮＬＩＮＥ　上呰部
2821	ジーユー	ユニクロ　ジーユー　オンライン　フタマタシンマチ
2822	ジーユー	ＵＮＩＱＬＯ　ＧＵ　ＯＮＬＩＮＥ　湊坂
2823	ジーユー	ジーユー　ニシシンジュク（ツギノビルヲノゾク）
2824	ジーユー	ステーキ　ＧＵＳＴＯ　川尻
2825	ジーユー	Ｓ　ＧＵＳＴＯ　松原町
2826	ジーユー	ＵＮＩＱＬＯ　ＧＵ　ＯＮＬＩＮＥ　新井宿
2827	ジーユー	ステーキ　ＧＵＳＴＯ　福島町
2828	ジーユー	ＣＡＳＡ　ＤＥＬ　ＧＵＡＰＯ　八幡町鍛冶屋町
2829	ジーユー	Ｓ　ＧＵＳＴＯ　鴨島町麻植塚
2830	ジーユー	ユニクロ　ジーユー　オンライン　フクモトチョウ
2831	ジーユー	ＧＵ　奥田本町
2832	ジーユー	ＣＡＳＡ　ＤＥＬ　ＧＵＡＰＯ　河和
2833	ジーユー	ユニクロ／ジーユー　オンライン　師戸
2834	ジーユー	ＵＮＩＱＬＯ　ＧＵ　ＯＮＬＩＮＥ　杉野原
2835	ジーユー	ＣＡＳＡ　ＤＥＬ　ＧＵＡＰＯ　美崎町
2836	ジーユー	ユニクロ／ジーユー　オンライン　笈ケ島
2837	ジーユー	ジーユー　シンマチ
2838	ジーユー	ＵＮＩＱＬＯ／ＧＵ　ＯＮＬＩＮＥ　栗栖
2839	ジーユー	ジーユー　ショウワマチ
2840	ジーユー	ユニクロ／ジーユー　オンライン　千津井
2841	ジーユー	ＧＵ　中野
2842	ジーユー	ユニクロ　ジーユー　オンライン　ワカクサドオリ
2843	ジーユー	ユニクロ　ジーユー　オンライン　マバセ
2844	ジーユー	ユニクロ／ジーユー　オンライン　流岡町
2845	ジーユー	ステーキ　ＧＵＳＴＯ　尾長東
2846	ジーユー	ＵＮＩＱＬＯ／ＧＵ　ＯＮＬＩＮＥ　金屋
2847	ジーユー	ユニクロ　ジーユー　オンライン　ミズサワタクミダ
2848	ジーユー	ステーキ　ＧＵＳＴＯ　信州新町日原東
2849	ジーユー	ＵＮＩＱＬＯ／ＧＵ　ＯＮＬＩＮＥ　不動
2850	ジーユー	ＵＮＩＱＬＯ　ＧＵ　ＯＮＬＩＮＥ　久美浜町仲町
2851	ジーユー	ステーキ　ＧＵＳＴＯ　萩尾
2852	ジーユー	ＵＮＩＱＬＯ／ＧＵ　ＯＮＬＩＮＥ　下高屋団地
2853	ジーユー	ＵＮＩＱＬＯ　ＧＵ　ＯＮＬＩＮＥ　見町
2854	ジーユー	ＣＡＳＡ　ＤＥＬ　ＧＵＡＰＯ　厚陽
2855	ジーユー	ＧＵ　宮林
2856	ジーユー	ユニクロ／ジーユー　オンライン　北十条東
2857	ジーユー	Ｓ　ＧＵＳＴＯ　四町目（出水通油小路西入、出水通堀川東入、出水通
2858	ジーユー	ＵＮＩＱＬＯ　ＧＵ　ＯＮＬＩＮＥ　丸の内グラントウキョウサウスタ
2859	ジーユー	Ｓ　ＧＵＳＴＯ　梶内
2860	ジーユー	Ｓ　ＧＵＳＴＯ　小栗山
2861	ジーユー	ＵＮＩＱＬＯ　ＧＵ　ＯＮＬＩＮＥ　南鎌ケ谷
2862	ジーユー	ステーキ　ＧＵＳＴＯ　大毛
2863	ジーユー	ＵＮＩＱＬＯ　ＧＵ　ＯＮＬＩＮＥ　徳定
2864	ジーユー	ステーキ　ＧＵＳＴＯ　鳥海町上笹子
2865	ジーユー	ユニクロ／ジーユー　オンライン　上斜里
2866	ジーユー	ＧＵ　東町
2867	ジーユー	ステーキ　ＧＵＳＴＯ　西新宿新宿センタービル（８階）
2868	ジーユー	ステーキ　ＧＵＳＴＯ　山田町
2869	ジーユー	ＧＵ　葛町
2870	ジーユー	ＵＮＩＱＬＯ　ＧＵ　ＯＮＬＩＮＥ　太子町
2871	ジーユー	ステーキ　ＧＵＳＴＯ　口長谷
2872	ジーユー	ＧＵ　天神町
2873	ジーユー	ユニクロ　ジーユー　オンライン　アカシナナカガワテ
2874	ジーユー	ステーキ　ＧＵＳＴＯ　中矢部町
2875	ジーユー	ＧＵ　田野町
2876	ジーユー	ユニクロ／ジーユー　オンライン　佐谷
2877	ジーユー	ジーユー　フナバチョウ
2878	ジーユー	ユニクロ　ジーユー　オンライン　ソトヤマ
2879	ジーユー	ステーキ　ＧＵＳＴＯ　小松
2880	ジーユー	ユニクロ　ジーユー　オンライン　アイサワ
2881	ジーユー	ユニクロ／ジーユー　オンライン　奥原町
2882	ジーユー	ＧＵ　小野谷
2883	ジーユー	ＵＮＩＱＬＯ／ＧＵ　ＯＮＬＩＮＥ　吉田吉栄
2884	ジーユー	ＧＵ　鹿島区南柚木
2885	ジーユー	ユニクロ　ジーユー　オンライン　ヤザコナカネバラ
2886	ジーユー	ステーキ　ＧＵＳＴＯ　北三条東
2887	ジーユー	ユニクロ　ジーユー　オンライン　マツオカ
2888	ジーユー	Ｓ　ＧＵＳＴＯ　相川
2889	ジーユー	ＣＡＳＡ　ＤＥＬ　ＧＵＡＰＯ　高柳栄町
2890	ジーユー	ジーユー　ヒノデチョウ
2891	ジーユー	ユニクロ　ジーユー　オンライン　ニシオヤノイ
2892	ジーユー	ＣＡＳＡ　ＤＥＬ　ＧＵＡＰＯ　上町
2893	ジーユー	ＣＡＳＡ　ＤＥＬ　ＧＵＡＰＯ　上分甲
2894	ジーユー	ユニクロ／ジーユー　オンライン　中井町
2895	ジーユー	Ｓ　ＧＵＳＴＯ　原倉
2896	ジーユー	ステーキ　ＧＵＳＴＯ　東垪和
2897	ジーユー	ＵＮＩＱＬＯ／ＧＵ　ＯＮＬＩＮＥ　岩倉南大鷺町
2898	ジーユー	ＵＮＩＱＬＯ／ＧＵ　ＯＮＬＩＮＥ　千里丘新町
2899	ジーユー	ＧＵ　尾山
2900	ジーユー	ＵＮＩＱＬＯ／ＧＵ　ＯＮＬＩＮＥ　鹿子島町
2901	ジーユー	ステーキ　ＧＵＳＴＯ　建部町三明寺
2902	ジーユー	Ｓ　ＧＵＳＴＯ　釜杭
2903	ジーユー	ユニクロ　ジーユー　オンライン　ヨシカワ
2904	ジーユー	ユニクロ　ジーユー　オンライン　アンギョウデワ
2905	ジーユー	Ｓ　ＧＵＳＴＯ　水原
2906	ジーユー	ＵＮＩＱＬＯ　ＧＵ　ＯＮＬＩＮＥ　平町
2907	ジーユー	Ｓ　ＧＵＳＴＯ　今市
2908	ジーユー	ユニクロ　ジーユー　オンライン　シイタカハダイ
2909	ジーユー	ＵＮＩＱＬＯ　ＧＵ　ＯＮＬＩＮＥ　渋谷渋谷スクランブルスクエア（
2910	ジーユー	ユニクロ／ジーユー　オンライン　三本木音無
2911	ジーユー	ジーユー　キバ
2912	ジーユー	ジーユー　アサヒチョウ
2913	ジーユー	ユニクロ／ジーユー　オンライン　本町
2914	ジーユー	ＵＮＩＱＬＯ／ＧＵ　ＯＮＬＩＮＥ　森尾
2915	ジーユー	Ｓ　ＧＵＳＴＯ　大橋町常持
2916	ジーユー	ＵＮＩＱＬＯ／ＧＵ　ＯＮＬＩＮＥ　啓北町
2917	ジーユー	ＵＮＩＱＬＯ／ＧＵ　ＯＮＬＩＮＥ　郷本町
2918	ジーユー	ステーキ　ＧＵＳＴＯ　沼之端
2919	ジーユー	ジーユー　カミゴウミヤノハラ
2920	ジーユー	ＵＮＩＱＬＯ　ＧＵ　ＯＮＬＩＮＥ　長嶺
2921	ジーユー	ＵＮＩＱＬＯ／ＧＵ　ＯＮＬＩＮＥ　楠葉中町
2922	ジーユー	ユニクロ／ジーユー　オンライン　曙川東
2923	ジーユー	ＧＵ　八木町諸畑
2924	ジーユー	ジーユー　ウノケ
2925	ジーユー	ユニクロ／ジーユー　オンライン　小曲
2926	ジーユー	ステーキ　ＧＵＳＴＯ　問屋町
2927	ジーユー	ユニクロ／ジーユー　オンライン　大月（１～３丁目）
2928	ジーユー	ユニクロ　ジーユー　オンライン　ウエズ
2929	ジーユー	Ｓ　ＧＵＳＴＯ　後川新田
2930	プラステ	ＰＬＳＴ　金吹町
2931	プラステ	ＰＬＳＴ　草野町
2932	プラステ	ＰＬＳＴ　川連町
2933	プラステ	ＰＬＳＴ　五十猛町
2934	プラステ	プラステ　フルカワミナミザワ
2935	プラステ	ＰＬＳＴ　昭和町
2936	プラステ	ＰＬＳＴ　長町
2937	プラステ	ＰＬＳＴ　肴町
2938	プラステ	ＰＬＳＴ　千草
2939	プラステ	プラステ　アミジマチョウ
2940	プラステ	ＰＬＳＴ　川端町
2941	プラステ	プラステ　ニシヤマダ
2942	プラステ	ＰＬＳＴ　常光寺
2943	プラステ	ＰＬＳＴ　北及
2944	プラステ	プラステ　フクヨリ
2945	プラステ	プラステ　モトマチ
2946	プラステ	ＰＬＳＴ　納沙布
2947	プラステ	ＰＬＳＴ　沖渡
2948	プラステ	ＰＬＳＴ　小島町
2949	プラステ	プラステ　ウシロヒボチョウリョウケ
2950	プラステ	プラステ　イワヒロ
2951	プラステ	プラステ　オオマチ
2952	プラステ	ＰＬＳＴ　重行
2953	プラステ	プラステ　ヒガシノチョウニシジンデン
2954	プラステ	プラステ　シモハダガワチョウ
2955	プラステ	ＰＬＳＴ　香北町下野尻
2956	プラステ	ＰＬＳＴ　借宿町
2957	プラステ	ＰＬＳＴ　三毛門
2958	プラステ	プラステ　ショウワ
2959	プラステ	プラステ　アソブカワラ
2960	プラステ	プラステ　ヤマノメ（ドロタ）
2961	プラステ	プラステ　ヒガシコグシ
2962	プラステ	プラステ　ヤスチョウテイ
2963	プラステ	プラステ　オリヅスミヨシチョウ
2964	プラステ	ＰＬＳＴ　平田西
2965	プラステ	ＰＬＳＴ　水原
2966	プラステ	プラステ　イグサチョウ
2967	プラステ	プラステ　トヅカチョウ
2968	プラステ	ＰＬＳＴ　飾東町豊国
2969	プラステ	プラステ　エダミツ
2970	プラステ	ＰＬＳＴ　新里町小林
2971	プラステ	プラステ　イモザワ
2972	プラステ	プラステ　ヒラノ
2973	プラステ	ＰＬＳＴ　工団町
2974	プラステ	プラステ　フチュウマチニシガオカ
2975	プラステ	プラステ　オオワダ
2976	プラステ	ＰＬＳＴ　寿町
2977	プラステ	ＰＬＳＴ　松原
2978	プラステ	ＰＬＳＴ　界川
2979	プラステ	プラステ　オロシマチ
2980	プラステ	ＰＬＳＴ　窪川
2981	プラステ	プラステ　コウナミ
2982	プラステ	プラステ　クロザキ
2983	プラステ	ＰＬＳＴ　若葉町
2984	プラステ	ＰＬＳＴ　峰町津柳
2985	プラステ	ＰＬＳＴ　麻生新田
2986	プラステ	ＰＬＳＴ　下白岩
2987	プラステ	プラステ　ツガネサワ
2988	プラステ	プラステ　ミソノチョウ
2989	プラステ	プラステ　ソソリマチ
2990	プラステ	プラステ　トノマチ
2991	プラステ	プラステ　ノジマチ
2992	プラステ	プラステ　オオサキシンクパークタワー（１カイ）
2993	プラステ	ＰＬＳＴ　大羽根園並木通
2994	プラステ	ＰＬＳＴ　大殿町
2995	プラステ	プラステ　キリハラ
2996	プラステ	ＰＬＳＴ　国見町神代辛
2997	プラステ	プラステ　エキマエ
2998	プラステ	ＰＬＳＴ　寺泊当新田
2999	プラステ	ＰＬＳＴ　小島
3000	プラステ	ＰＬＳＴ　龍野町大手
3001	プラステ	ＰＬＳＴ　新田
3002	プラステ	ＰＬＳＴ　上野寺町
3003	プラステ	ＰＬＳＴ　小浜
3004	プラステ	プラステ　セトチョウ
3005	プラステ	プラステ　カワシリマチ
3006	プラステ	ＰＬＳＴ　東学田二区
3007	プラステ	プラステ　コジマアジノジョウ
3008	プラステ	ＰＬＳＴ　延広町
3009	プラステ	プラステ　ジュウオウドウキタ
3010	プラステ	ＰＬＳＴ　大雄万貝
3011	プラステ	プラステ　ナカノチョウ
3012	プラステ	ＰＬＳＴ　市山
3013	プラステ	ＰＬＳＴ　安井町
3014	プラステ	ＰＬＳＴ　稲
3015	プラステ	ＰＬＳＴ　岡町
3016	プラステ	プラステ　ミルマチ
3017	プラステ	プラステ　サキバル
3018	プラステ	プラステ　マルオチョウ（チョウメ）
3019	プラステ	プラステ　アサカワマチ
3020	プラステ	プラステ　カスガチョウ
3021	プラステ	プラステ　カワカタマチ
3022	プラステ	ＰＬＳＴ　平沼ノ内
3023	プラステ	プラステ　ヒラチョウ
3024	プラステ	プラステ　フブキチョウ
3025	プラステ	ＰＬＳＴ　中ノ町
3026	プラステ	ＰＬＳＴ　南溝手
3027	プラステ	ＰＬＳＴ　上呰部
3028	プラステ	ＰＬＳＴ　堀之内
3029	プラステ	ＰＬＳＴ　南陽
3030	プラステ	ＰＬＳＴ　三和町
3031	プラステ	プラステ　ナカカンダツマチ
3032	プラステ	プラステ　ニゴリサワマチ
3033	プラステ	ＰＬＳＴ　宮町
3034	プラステ	プラステ　タテガミチョウ
3035	プラステ	ＰＬＳＴ　長崎本町
3036	プラステ	ＰＬＳＴ　巨勢
3037	プラステ	ＰＬＳＴ　直下町
3038	プラステ	プラステ　ノナカ
3039	プラステ	プラステ　オオイドチョウ
3040	プラステ	プラステ　キワチョウオオグルス
3041	プラステ	プラステ　ハギゾノ
3042	プラステ	プラステ　シモシロウズミナミ
3043	プラステ	プラステ　オオガルチョウ
3044	プラステ	プラステ　トラノモントラノモンヒルズビジネスタワー（３カイ）
3045	プラステ	プラステ　ユワクアラヤマチ
3046	プラステ	プラステ　テンマバシＯＡＰタワー（３１カイ）
3047	プラステ	ＰＬＳＴ　藤原町
3048	プラステ	プラステ　ゲバ
3049	プラステ	ＰＬＳＴ　多沢
3050	プラステ	ＰＬＳＴ　上野条
3051	プラステ	ＰＬＳＴ　与保呂
3052	プラステ	ＰＬＳＴ　三ノ分目
3053	プラステ	ＰＬＳＴ　大町
3054	プラステ	ＰＬＳＴ　佐々羅
3055	プラステ	プラステ　ヒラサワ
3056	プラステ	プラステ　サカエマチ
3057	プラステ	ＰＬＳＴ　大谷口
3058	プラステ	ＰＬＳＴ　東本町
3059	プラステ	プラステ　コロモガワホシヤ
3060	プラステ	プラステ　ウタダ
3061	プラステ	プラステ　サントウチョウワサダ
3062	プラステ	ＰＬＳＴ　中大久保
3063	プラステ	ＰＬＳＴ　松之木町
3064	プラステ	ＰＬＳＴ　百谷
3065	プラステ	ＰＬＳＴ　本牧満坂
3066	プラステ	ＰＬＳＴ　様舞
3067	プラステ	プラステ　ヤマベニシ２７セン
3068	プラステ	プラステ　オオミシマチョウオオミ
3069	プラステ	プラステ　フクザワチョウ
3070	プラステ	ＰＬＳＴ　海塚
3071	プラステ	ＰＬＳＴ　湯野尾町
3072	プラステ	ＰＬＳＴ　作手木和田
3073	プラステ	プラステ　ミサトタイラ
3074	プラステ	ＰＬＳＴ　西大瀬
3075	プラステ	プラステ　オトハマチ
3076	プラステ	プラステ　ニュウカイチョウ
3077	プラステ	ＰＬＳＴ　１２線
3078	プラステ	ＰＬＳＴ　稲荷下
3079	プラステ	ＰＬＳＴ　村岡
3080	プラステ	プラステ　ヨコゼ
3081	プラステ	プラステ　ハラマチクシダザワ
3082	プラステ	ＰＬＳＴ　塚原町
3083	プラステ	プラステ　オオサダ
3084	プラステ	ＰＬＳＴ　大久保町松陰新田
3085	プラステ	ＰＬＳＴ　西丹波町
3086	プラステ	ＰＬＳＴ　大原町
3087	プラステ	プラステ　モンゼンマチキハラヅキ
3088	プラステ	プラステ　サガミオオノ
3089	プラステ	プラステ　ニシノグチマチ
3090	プラステ	プラステ　コクフチョウコクブンジ
3091	プラステ	ＰＬＳＴ　志津川大上坊
3092	プラステ	プラステ　コセマチ
3093	プラステ	プラステ　クラゾウ
3094	プラステ	ＰＬＳＴ　平町（揖斐川東）
3095	プラステ	ＰＬＳＴ　松室吾田神町
3096	プラステ	ＰＬＳＴ　塩瀬
3097	プラステ	プラステ　サンナイコマツカワ
3098	プラステ	プラステ　ゴイチュウオウヒガシ
3099	プラステ	プラステ　ナカヨシダ
3100	プラステ	ＰＬＳＴ　山形町小国
3101	プラステ	プラステ　ヨウカマチ
3102	プラステ	ＰＬＳＴ　大袋町
3103	プラステ	プラステ　ヤソウチ
3104	プラステ	プラステ　シモヒラノチョウ
3105	プラステ	プラステ　ナカト
3106	プラステ	プラステ　ニシ４ジョウミナミ
3107	プラステ	ＰＬＳＴ　別所町下石野
3108	プラステ	プラステ　オマタ
3109	プラステ	プラステ　イママチ
3110	プラステ	プラステ　アワチョウヒガシマサヒロ
3111	プラステ	プラステ　ウガリ
3112	プラステ	プラステ　シミズマチ
3113	プラステ	ＰＬＳＴ　堤
3114	プラステ	ＰＬＳＴ　新川町
3115	プラステ	ＰＬＳＴ　千歳町
3116	プラステ	プラステ　タケノチョウヒガシオオタニ
3117	プラステ	ＰＬＳＴ　羽沢町
3118	プラステ	ＰＬＳＴ　神明町
3119	プラステ	プラステ　ベンザイテンチョウ
3120	プラステ	プラステ　ヒガシ１２ジョウ
3121	プラステ	ＰＬＳＴ　梶原
3122	プラステ	プラステ　フルワタリチョウ
3123	プラステ	プラステ　ミヤマチョウタウタ
3124	プラステ	プラステ　ホンノマチ
3125	プラステ	ＰＬＳＴ　東魚屋町
3126	プラステ	ＰＬＳＴ　琴平町（１～４２６番地、川東）
3127	プラステ	プラステ　ヤカネ
3128	ミーナ	ミーナ　ヒガシナガオカ
3129	ミーナ	ミーナ　カミタカノカミアラマキチョウ
3130	ミーナ	ｍｉｎａｍｉ　ｔｏｃｈｉｇｉ　ｇｏｌｆ　ｃｌｕｂ　大平台
3131	ミーナ	ｍｉｎａｍｉ　ｔｏｃｈｉｇｉ　ｇｏｌｆ　ｃｌｕｂ　大淀中（次のビ
3132	ミーナ	ｍｉｎａｍｉ　ｔｏｃｈｉｇｉ　ｇｏｌｆ　ｃｌｕｂ　木田
3133	ミーナ	ｍｉｎａｍｉ　ｔｏｃｈｉｇｉ　ｇｏｌｆ　ｃｌｕｂ　上東
3134	ミーナ	ミーナ　ミズサワヨコマチ
3135	ミーナ	ｍｉｎａｍｉ　ｔｏｃｈｉｇｉ　ｇｏｌｆ　ｃｌｕｂ　戸出岡御所
3136	ミーナ	ｍｉｎａｍｉ　ｔｏｃｈｉｇｉ　ｇｏｌｆ　ｃｌｕｂ　紀和町小森
3137	ミーナ	ｍｉｎａｍｉ　ｔｏｃｈｉｇｉ　ｇｏｌｆ　ｃｌｕｂ　大佐田
3138	ミーナ	ミーナ　オオヨドカワ
3139	ミーナ	ｍｉｎａ　谷地
3140	ミーナ	ミーナ　アツベツニシ３ジョウ
3141	ミーナ	ミーナ　ヒガシコウタリ
3142	ミーナ	ｍｉｎａｍｉ　ｔｏｃｈｉｇｉ　ｇｏｌｆ　ｃｌｕｂ　江崎
3143	ミーナ	ｍｉｎａ　宇刈
3144	ミーナ	ミーナ　キタ１０ジョウヒガシ
3145	ミーナ	ｍｉｎａｍｉ　ｔｏｃｈｉｇｉ　ｇｏｌｆ　ｃｌｕｂ　河原町
3146	ミーナ	ｍｉｎａ　豊田
3147	ミーナ	ミーナ　ヒキダ
3148	ミーナ	ミーナ　オオノ
3149	ミーナ	ｍｉｎａ　南八千代町
3150	ミーナ	ｍｉｎａｍｉ　ｔｏｃｈｉｇｉ　ｇｏｌｆ　ｃｌｕｂ　俵山
3151	ミーナ	ミーナ　コモリ
3152	ミーナ	ミーナ　オイマツ
3153	ミーナ	ミーナ　ビジョギ
3154	ミーナ	ｍｉｎａｍｉ　ｔｏｃｈｉｇｉ　ｇｏｌｆ　ｃｌｕｂ　金成金山沢
3155	ミーナ	ｍｉｎａ　仲通
3156	ミーナ	ｍｉｎａｍｉ　ｔｏｃｈｉｇｉ　ｇｏｌｆ　ｃｌｕｂ　一ノ谷
3157	ミーナ	ミーナ　ササガワ
3158	ミーナ	ミーナ　カミタカラチョウアラタ
3159	ミーナ	ミーナ　ミナトミライランドマークタワー（３６カイ）
3160	ミーナ	ミーナ　カミガモツノクニチョウ
3161	ミーナ	ミーナ　ヒガシシンバシデンツウホンシャビル（２１カイ）
3162	ミーナ	ミーナ　タジリザキ
3163	ミーナ	ミーナ　ヤマネチョウ
3164	ミーナ	ｍｉｎａｍｉ　ｔｏｃｈｉｇｉ　ｇｏｌｆ　ｃｌｕｂ　北二条東
3165	ミーナ	ｍｉｎａ　弁天
3166	ミーナ	ｍｉｎａｍｉ　ｔｏｃｈｉｇｉ　ｇｏｌｆ　ｃｌｕｂ　若林
3167	ミーナ	ｍｉｎａ　西島町
3168	ミーナ	ｍｉｎａｍｉ　ｔｏｃｈｉｇｉ　ｇｏｌｆ　ｃｌｕｂ　横水町
3169	ミーナ	ｍｉｎａｍｉ　ｔｏｃｈｉｇｉ　ｇｏｌｆ　ｃｌｕｂ　林
3170	ミーナ	ｍｉｎａｍｉ　ｔｏｃｈｉｇｉ　ｇｏｌｆ　ｃｌｕｂ　東町
3171	ミーナ	ｍｉｎａ　込木
3172	ミーナ	ミーナ　ヨカワチョウワタセ
3173	ミーナ	ｍｉｎａｍｉ　ｔｏｃｈｉｇｉ　ｇｏｌｆ　ｃｌｕｂ　一本木町
3174	ミーナ	ｍｉｎａｍｉ　ｔｏｃｈｉｇｉ　ｇｏｌｆ　ｃｌｕｂ　桑間
3175	ミーナ	ｍｉｎａ　早稲田
3176	ミーナ	ｍｉｎａｍｉ　ｔｏｃｈｉｇｉ　ｇｏｌｆ　ｃｌｕｂ　松ケ崎呼返町
3177	ミーナ	ｍｉｎａ　瀬峰蒲盛
3178	ミーナ	ミーナ　ナガイシ
3179	ミーナ	ｍｉｎａ　香澄の里
3180	ミーナ	ミーナ　ミナトマチ
3181	ミーナ	ｍｉｎａ　北今宿
3182	ミーナ	ｍｉｎａ　保原町西町
3183	ミーナ	ｍｉｎａｍｉ　ｔｏｃｈｉｇｉ　ｇｏｌｆ　ｃｌｕｂ　吉原町
3184	ミーナ	ｍｉｎａｍｉ　ｔｏｃｈｉｇｉ　ｇｏｌｆ　ｃｌｕｂ　古仁屋（船津）
3185	ミーナ	ｍｉｎａｍｉ　ｔｏｃｈｉｇｉ　ｇｏｌｆ　ｃｌｕｂ　出石町袴狭
3186	ミーナ	ミーナ　オグニマチニホンヤナギ
3187	ミーナ	ミーナ　アヅマ
3188	ミーナ	ｍｉｎａ　中郷
3189	ミーナ	ミーナ　イデンチョウ
3190	ミーナ	ｍｉｎａ　信州新町日原東
3191	ミーナ	ｍｉｎａ　半沢屋敷西
3192	ミーナ	ｍｉｎａｍｉ　ｔｏｃｈｉｇｉ　ｇｏｌｆ　ｃｌｕｂ　新富町
3193	ミーナ	ミーナ　サカナイチョウ
3194	ミーナ	ミーナ　コダルゴウ
3195	ミーナ	ミーナ　トヨタ
3196	ミーナ	ｍｉｎａ　経田西町
3197	ミーナ	ｍｉｎａ　樽屋町
3198	ミーナ	ｍｉｎａｍｉ　ｔｏｃｈｉｇｉ　ｇｏｌｆ　ｃｌｕｂ　花田町官有地（
3199	ミーナ	ミーナ　アサヒ
3200	ミーナ	ミーナ　シンセイ
3201	ミーナ	ｍｉｎａｍｉ　ｔｏｃｈｉｇｉ　ｇｏｌｆ　ｃｌｕｂ　天満橋京町
3202	ミーナ	ｍｉｎａｍｉ　ｔｏｃｈｉｇｉ　ｇｏｌｆ　ｃｌｕｂ　神町
3203	ミーナ	ｍｉｎａｍｉ　ｔｏｃｈｉｇｉ　ｇｏｌｆ　ｃｌｕｂ　温泉津町福光
3204	ミーナ	ｍｉｎａｍｉ　ｔｏｃｈｉｇｉ　ｇｏｌｆ　ｃｌｕｂ　鳥屋部
3205	ミーナ	ミーナ　ソノベチョウサカエマチ
3206	ミーナ	ミーナ　ナンノウチョウコマノ
3207	ミーナ	ｍｉｎａｍｉ　ｔｏｃｈｉｇｉ　ｇｏｌｆ　ｃｌｕｂ　桂坤町
3208	ミーナ	ミーナ　タジリキタ
3209	ミーナ	ｍｉｎａｍｉ　ｔｏｃｈｉｇｉ　ｇｏｌｆ　ｃｌｕｂ　岩松町
3210	ミーナ	ｍｉｎａｍｉ　ｔｏｃｈｉｇｉ　ｇｏｌｆ　ｃｌｕｂ　亀屋町（釜座通
3211	ミーナ	ｍｉｎａ　田尻崎
3212	ミーナ	ｍｉｎａｍｉ　ｔｏｃｈｉｇｉ　ｇｏｌｆ　ｃｌｕｂ　相生町
3213	ミーナ	ｍｉｎａｍｉ　ｔｏｃｈｉｇｉ　ｇｏｌｆ　ｃｌｕｂ　渋井
3214	ミーナ	ｍｉｎａ　留辺蘂町花丘
3215	ミーナ	ｍｉｎａｍｉ　ｔｏｃｈｉｇｉ　ｇｏｌｆ　ｃｌｕｂ　川崎町
3216	ミーナ	ミーナ　モリユキチョウ
3217	ミーナ	ミーナ　ヨシダチョウヨシダ
3218	ミーナ	ｍｉｎａ　高宮町房後
3219	ミーナ	ｍｉｎａ　あるかぽーと
3220	ミーナ	ミーナ　カサマ
3221	ミーナ	ｍｉｎａ　笹館
3222	ミーナ	ミーナ　ミナミ１２ジョウニシ
3223	ミーナ	ｍｉｎａｍｉ　ｔｏｃｈｉｇｉ　ｇｏｌｆ　ｃｌｕｂ　六本木住友不動
3224	ミーナ	ミーナ　アットコ
3225	ミーナ	ミーナ　イシダホンゴウ
3226	ミーナ	ｍｉｎａｍｉ　ｔｏｃｈｉｇｉ　ｇｏｌｆ　ｃｌｕｂ　城北町
3227	ミーナ	ｍｉｎａｍｉ　ｔｏｃｈｉｇｉ　ｇｏｌｆ　ｃｌｕｂ　下阿内町
3228	ミーナ	ｍｉｎａ　国見町小熊毛
3229	ミーナ	ｍｉｎａｍｉ　ｔｏｃｈｉｇｉ　ｇｏｌｆ　ｃｌｕｂ　長島
3230	ミーナ	ｍｉｎａ　新拓
3231	ミーナ	ミーナ　ツヅラヤマ
3232	ミーナ	ｍｉｎａ　桃山台
3233	ミーナ	ミーナ　イシズエ
3234	ミーナ	ｍｉｎａ　中島町大平
3235	ミーナ	ｍｉｎａｍｉ　ｔｏｃｈｉｇｉ　ｇｏｌｆ　ｃｌｕｂ　新田
3236	ミーナ	ｍｉｎａ　聖護院蓮華蔵町
3237	ミーナ	ｍｉｎａ　長清水
3238	ミーナ	ミーナ　ヤブ
3239	ミーナ	ｍｉｎａｍｉ　ｔｏｃｈｉｇｉ　ｇｏｌｆ　ｃｌｕｂ　八幡双栗
3240	ミーナ	ｍｉｎａ　山手台新町
3241	ミーナ	ｍｉｎａｍｉ　ｔｏｃｈｉｇｉ　ｇｏｌｆ　ｃｌｕｂ　樫西
3242	ミーナ	ｍｉｎａｍｉ　ｔｏｃｈｉｇｉ　ｇｏｌｆ　ｃｌｕｂ　山田町
3243	ミーナ	ｍｉｎａｍｉ　ｔｏｃｈｉｇｉ　ｇｏｌｆ　ｃｌｕｂ　溝口
3244	ミーナ	ミーナ　サカイマチ
3245	ミーナ	ミーナ　リュウツウセンター
3246	ミーナ	ミーナ　ナミキシンデン
3247	ミーナ	ミーナ　カワゲチョウナカベッポ
3248	ミーナ	ミーナ　ヨホロ
3249	ミーナ	ｍｉｎａ　深草向ケ原町
3250	ミーナ	ｍｉｎａｍｉ　ｔｏｃｈｉｇｉ　ｇｏｌｆ　ｃｌｕｂ　小野川町
3251	ミーナ	ｍｉｎａｍｉ　ｔｏｃｈｉｇｉ　ｇｏｌｆ　ｃｌｕｂ　北八反町
3252	ミーナ	ｍｉｎａｍｉ　ｔｏｃｈｉｇｉ　ｇｏｌｆ　ｃｌｕｂ　針ケ別所町
3253	ミーナ	ｍｉｎａ　藤岡町新波
3254	ミーナ	ミーナ　ヒロサト
3255	ミーナ	ミーナ　イズシチョウハカザ
3256	ミーナ	ｍｉｎａｍｉ　ｔｏｃｈｉｇｉ　ｇｏｌｆ　ｃｌｕｂ　村岡区小城
3257	ミーナ	ｍｉｎａｍｉ　ｔｏｃｈｉｇｉ　ｇｏｌｆ　ｃｌｕｂ　篠路町拓北
3258	ミーナ	ｍｉｎａｍｉ　ｔｏｃｈｉｇｉ　ｇｏｌｆ　ｃｌｕｂ　東雲
3259	ミーナ	ミーナ　ババ
3260	ミーナ	ｍｉｎａｍｉ　ｔｏｃｈｉｇｉ　ｇｏｌｆ　ｃｌｕｂ　諸志
3261	ミーナ	ミーナ　スダチョウカミヒョウゴ
3262	ミーナ	ミーナ　ヒラサワ
3263	ミーナ	ｍｉｎａ　桜新町
3264	ミーナ	ミーナ　サチウラ
3265	ミーナ	ミーナ　タチョウ
3266	ミーナ	ミーナ　ニシシンジュクシンジュクスミトモビル（３７カイ）
3267	ミーナ	ｍｉｎａ　淀水垂町
3268	ミーナ	ｍｉｎａ　西沖
3269	ミーナ	ミーナ　シモホシヤ
3270	ミーナ	ｍｉｎａ　湯野尾町
3271	ミーナ	ｍｉｎａ　新橋町
3272	ミーナ	ミーナ　カミナカイ
3273	ミーナ	ｍｉｎａ　葭島渡場島町
3274	ミーナ	ｍｉｎａ　宮町
3275	ミーナ	ｍｉｎａｍｉ　ｔｏｃｈｉｇｉ　ｇｏｌｆ　ｃｌｕｂ　橋之上町
3276	ミーナ	ミーナ　フタミ
3277	ミーナ	ｍｉｎａ　宇和町杢所
3278	ミーナ	ｍｉｎａ　聖真子町
3279	ミーナ	ｍｉｎａｍｉ　ｔｏｃｈｉｇｉ　ｇｏｌｆ　ｃｌｕｂ　津西
3280	ミーナ	ｍｉｎａ　三俣
3281	ミーナ	ｍｉｎａ　漆島
3282	ミーナ	ｍｉｎａｍｉ　ｔｏｃｈｉｇｉ　ｇｏｌｆ　ｃｌｕｂ　おもちゃのまち
3283	ミーナ	ｍｉｎａ　寺沢
3284	ミーナ	ミーナ　マスマ
3285	ミーナ	ｍｉｎａ　神岡町土
3286	ミーナ	ｍｉｎａｍｉ　ｔｏｃｈｉｇｉ　ｇｏｌｆ　ｃｌｕｂ　宮田
3287	ミーナ	ｍｉｎａ　東大文字町
3288	ミーナ	ｍｉｎａｍｉ　ｔｏｃｈｉｇｉ　ｇｏｌｆ　ｃｌｕｂ　冷水町
3289	ミーナ	ｍｉｎａ　松室田中町
3290	ミーナ	ミーナ　フナバチョウ
3291	ミーナ	ｍｉｎａｍｉ　ｔｏｃｈｉｇｉ　ｇｏｌｆ　ｃｌｕｂ　浜一色町
3292	ミーナ	ｍｉｎａ　南二島
3293	ミーナ	ｍｉｎａｍｉ　ｔｏｃｈｉｇｉ　ｇｏｌｆ　ｃｌｕｂ　中矢部町
3294	ミーナ	ｍｉｎａ　向江町
3295	ミーナ	ｍｉｎａ　横内町
3296	ミーナ	ｍｉｎａｍｉ　ｔｏｃｈｉｇｉ　ｇｏｌｆ　ｃｌｕｂ　角館町下新町
3297	ミーナ	ミーナ　マイギヒガシ
3298	ミーナ	ｍｉｎａ　永山北１条
3299	ミーナ	ｍｉｎａｍｉ　ｔｏｃｈｉｇｉ　ｇｏｌｆ　ｃｌｕｂ　栄町
3300	ミーナ	ミーナ　ゲンドウチョウ
3301	ミーナ	ｍｉｎａ　みどり野
3302	ミーナ	ｍｉｎａｍｉ　ｔｏｃｈｉｇｉ　ｇｏｌｆ　ｃｌｕｂ　日本橋兜町
3303	ミーナ	ｍｉｎａ　青谷町露谷
3304	ミーナ	ｍｉｎａｍｉ　ｔｏｃｈｉｇｉ　ｇｏｌｆ　ｃｌｕｂ　林堂
3305	ミーナ	ミーナ　スエヒロ
3306	ミーナ	ｍｉｎａ　南１６線西
3307	ミーナ	ｍｉｎａ　鹿野町今市
3308	ミーナ	ミーナ　ナガサカチョウヒノ
3309	ミーナ	ｍｉｎａ　巨勢
3310	ミーナ	ｍｉｎａ　今町
3311	ミーナ	ｍｉｎａｍｉ　ｔｏｃｈｉｇｉ　ｇｏｌｆ　ｃｌｕｂ　粟生町
3312	ミーナ	ミーナ　ヒダカチョウマツオカ
3313	ミーナ	ｍｉｎａ　久美浜町畑
3314	ミーナ	ｍｉｎａｍｉ　ｔｏｃｈｉｇｉ　ｇｏｌｆ　ｃｌｕｂ　国玉通
3315	ミーナ	ｍｉｎａ　浜ノ町
3316	ミーナ	ｍｉｎａｍｉ　ｔｏｃｈｉｇｉ　ｇｏｌｆ　ｃｌｕｂ　祝田
3317	ミーナ	ミーナ　ニシカワガシラマチ
3318	ミーナ	ｍｉｎａ　前沢五十人町
3319	ミーナ	ｍｉｎａｍｉ　ｔｏｃｈｉｇｉ　ｇｏｌｆ　ｃｌｕｂ　大崎Ｔｈｉｎｋ
3320	ミーナ	ｍｉｎａ　松之山下鰕池
3321	ミーナ	ｍｉｎａｍｉ　ｔｏｃｈｉｇｉ　ｇｏｌｆ　ｃｌｕｂ　久保町
3322	ミーナ	ｍｉｎａｍｉ　ｔｏｃｈｉｇｉ　ｇｏｌｆ　ｃｌｕｂ　大井町
3323	ミーナ	ミーナ　バラジマ
3324	ミーナ	ｍｉｎａｍｉ　ｔｏｃｈｉｇｉ　ｇｏｌｆ　ｃｌｕｂ　雛田
3325	ミーナ	ｍｉｎａ　木町
3326	ミーナ	ミーナ　インベチョウ
3327	ミーナ	ミーナ　ハギワラチョウサクラボラ
3328	ミーナ	ｍｉｎａ　朝倉戊
3329	ミーナ	ミーナ　フルカワチョウアサビラキマチ
3330	ミーナ	ｍｉｎａ　儀徳町
3331	ミーナ	ｍｉｎａ　沢下町
3332	ミーナ	ｍｉｎａｍｉ　ｔｏｃｈｉｇｉ　ｇｏｌｆ　ｃｌｕｂ　岩倉中在地町
3333	ミーナ	ｍｉｎａ　枝下町
3334	ミーナ	ｍｉｎａ　鷺山
3335	ミーナ	ｍｉｎａ　湯布院町中川
3336	ミーナ	ｍｉｎａｍｉ　ｔｏｃｈｉｇｉ　ｇｏｌｆ　ｃｌｕｂ　新田町
3337	ミーナ	ミーナ　カノウ
3338	ミーナ	ミーナ　シヅガワマワリタテマエ
3339	ミーナ	ｍｉｎａ　市浜
3340	ミーナ	ｍｉｎａｍｉ　ｔｏｃｈｉｇｉ　ｇｏｌｆ　ｃｌｕｂ　津門西口町
3341	ミーナ	ミーナ　ニシババシリ
3342	ミーナ	ミーナ　ミナミトミガオカ
3343	ミーナ	ｍｉｎａｍｉ　ｔｏｃｈｉｇｉ　ｇｏｌｆ　ｃｌｕｂ　宮川町打保
3344	ミーナ	ｍｉｎａ　上川中子
3345	ミーナ	ｍｉｎａ　御調町仁野
3346	ミーナ	ミーナ　ヒガシサクラマチ
3347	ミーナ	ｍｉｎａ　大江
3348	ミーナ	ｍｉｎａｍｉ　ｔｏｃｈｉｇｉ　ｇｏｌｆ　ｃｌｕｂ　袋町
3349	ミーナ	ｍｉｎａ　大室
3350	ミーナ	ミーナ　オンタ
3351	ミーナ	ｍｉｎａｍｉ　ｔｏｃｈｉｇｉ　ｇｏｌｆ　ｃｌｕｂ　和田山町和田
3352	ミーナ	ミーナ　サンポウブンヘイ
3353	ミーナ	ｍｉｎａ　栗田
3354	ミーナ	ミーナ　テラドマリトウシンデン
3355	ミーナ	ミーナ　ハナオカ
3356	ミーナ	ｍｉｎａｍｉ　ｔｏｃｈｉｇｉ　ｇｏｌｆ　ｃｌｕｂ　内子
3357	ミーナ	ｍｉｎａｍｉ　ｔｏｃｈｉｇｉ　ｇｏｌｆ　ｃｌｕｂ　古寺新町
3358	ミーナ	ｍｉｎａ　阿寒町東栄
3359	ミーナ	ｍｉｎａ　山田湯
3360	ミーナ	ｍｉｎａｍｉ　ｔｏｃｈｉｇｉ　ｇｏｌｆ　ｃｌｕｂ　町
3361	ミーナ	ｍｉｎａ　タツネウシ
3362	ミーナ	ミーナ　イケノウチ
3363	ミーナ	ｍｉｎａｍｉ　ｔｏｃｈｉｇｉ　ｇｏｌｆ　ｃｌｕｂ　京北下黒田町
3364	ミーナ	ｍｉｎａｍｉ　ｔｏｃｈｉｇｉ　ｇｏｌｆ　ｃｌｕｂ　根尾天神堂
3365	ミーナ	ｍｉｎａｍｉ　ｔｏｃｈｉｇｉ　ｇｏｌｆ　ｃｌｕｂ　旭ケ丘
3366	ミーナ	ミーナ　ヒガシヒラマツ
3367	ミーナ	ｍｉｎａ　甲佐平
3368	ミーナ	ｍｉｎａ　新蒲田
3369	ミーナ	ミーナ　ワカミヤカミチョウ
3370	ミーナ	ｍｉｎａ　西八木崎
3371	ミーナ	ｍｉｎａ　清川町
3372	ミーナ	ｍｉｎａｍｉ　ｔｏｃｈｉｇｉ　ｇｏｌｆ　ｃｌｕｂ　平成町
3373	ミーナ	ｍｉｎａ　水口町宇川
3374	ミーナ	ｍｉｎａ　切梅新田
3375	ミーナ	ｍｉｎａｍｉ　ｔｏｃｈｉｇｉ　ｇｏｌｆ　ｃｌｕｂ　桜町
3376	ミーナ	ミーナ　ミナミミゾテ
3377	ミーナ	ミーナ　ミドリガオカナカマチ
3378	ミーナ	ミーナ　イナバザキマチ
3379	ミーナ	ミーナ　マルノウチグラントウキョウノースタワー（２１カイ）
3380	ミーナ	ミーナ　スエヒロキタ
3381	ミーナ	ｍｉｎａｍｉ　ｔｏｃｈｉｇｉ　ｇｏｌｆ　ｃｌｕｂ　雁原
3382	ミーナ	ｍｉｎａｍｉ　ｔｏｃｈｉｇｉ　ｇｏｌｆ　ｃｌｕｂ　清川町
3383	ミーナ	ミーナ　セトチョウソウドウ
3384	ミーナ	ｍｉｎａｍｉ　ｔｏｃｈｉｇｉ　ｇｏｌｆ　ｃｌｕｂ　弥生町
3385	ミーナ	ミーナ　ヤマウチ
3386	ミーナ	ミーナ　カナガセ
3387	ミーナ	ｍｉｎａｍｉ　ｔｏｃｈｉｇｉ　ｇｏｌｆ　ｃｌｕｂ　新琴似八条
3388	ミーナ	ｍｉｎａ　小田町
3389	ミーナ	ミーナ　サンナイコマツカワ
3390	ミーナ	ｍｉｎａ　八潮
3391	ミーナ	ｍｉｎａ　蓬莱町
3392	ミーナ	ミーナ　クボカワナカツガワ
3393	ミーナ	ｍｉｎａｍｉ　ｔｏｃｈｉｇｉ　ｇｏｌｆ　ｃｌｕｂ　菱刈市山
3394	ミーナ	ｍｉｎａ　十文字町越前
3395	ミーナ	ｍｉｎａ　八ケ崎
3396	ミーナ	ｍｉｎａ　白川
3397	ミーナ	ｍｉｎａｍｉ　ｔｏｃｈｉｇｉ　ｇｏｌｆ　ｃｌｕｂ　東沼
3398	ミーナ	ｍｉｎａｍｉ　ｔｏｃｈｉｇｉ　ｇｏｌｆ　ｃｌｕｂ　厳木町星領
3399	ミーナ	ｍｉｎａ　岩田南浅地
3400	ミーナ	ミーナ　アカサカ
3401	ミーナ	ｍｉｎａｍｉ　ｔｏｃｈｉｇｉ　ｇｏｌｆ　ｃｌｕｂ　松代町大室
3402	ミーナ	ｍｉｎａ　関柴町三津井
3403	ミーナ	ｍｉｎａ　清水
3404	ミーナ	ｍｉｎａ　森宮
3405	ミーナ	ミーナ　キョウセイ
3406	ミーナ	ｍｉｎａｍｉ　ｔｏｃｈｉｇｉ　ｇｏｌｆ　ｃｌｕｂ　天神町
3407	ミーナ	ｍｉｎａ　米が瀬町
3408	ミーナ	ｍｉｎａ　魚見
3409	ミーナ	ｍｉｎａｍｉ　ｔｏｃｈｉｇｉ　ｇｏｌｆ　ｃｌｕｂ　深田町
3410	ミーナ	ミーナ　モモヤマチョウアキヤマ
3411	ミーナ	ｍｉｎａ　宇出津新港
3412	ミーナ	ｍｉｎａｍｉ　ｔｏｃｈｉｇｉ　ｇｏｌｆ　ｃｌｕｂ　豊洲豊洲センタ
3413	ミーナ	ミーナ　ホウナンチョウミナミ
3414	ミーナ	ｍｉｎａｍｉ　ｔｏｃｈｉｇｉ　ｇｏｌｆ　ｃｌｕｂ　曙四条
3415	ミーナ	ｍｉｎａ　東玉垣町
3416	ミーナ	ミーナ　ジョウナンチョウ
3417	ミーナ	ｍｉｎａｍｉ　ｔｏｃｈｉｇｉ　ｇｏｌｆ　ｃｌｕｂ　山越
3418	ミーナ	ミーナ　カワシリウエノマチ
3419	ミーナ	ｍｉｎａ　平野
3420	ミーナ	ｍｉｎａｍｉ　ｔｏｃｈｉｇｉ　ｇｏｌｆ　ｃｌｕｂ　網代浜
3421	ミーナ	ｍｉｎａｍｉ　ｔｏｃｈｉｇｉ　ｇｏｌｆ　ｃｌｕｂ　川尻町久俊
3422	ミーナ	ｍｉｎａ　富士見
3423	ミーナ	ｍｉｎａｍｉ　ｔｏｃｈｉｇｉ　ｇｏｌｆ　ｃｌｕｂ　三ヶ日町鵺代
3424	ミーナ	ｍｉｎａｍｉ　ｔｏｃｈｉｇｉ　ｇｏｌｆ　ｃｌｕｂ　乙戸南
3425	セオリー	Ｔｈｅｏｒｙ　名駅ミッドランドスクエア（高層棟）（２８階）
3426	セオリー	セオリー　カンノクラ
3427	セオリー	Ｔｈｅｏｒｙ　昭和町
3428	セオリー	セオリー　ショウカ
3429	セオリー	セオリー　フクオカマチハナオ
3430	セオリー	セオリー　オオツツミミナミ
3431	セオリー	セオリー　アブ
3432	セオリー	セオリー　トラノモントラノモンヒルズビジネスタワー（１５カイ）
3433	セオリー	Ｔｈｅｏｒｙ　大雄万貝
3434	セオリー	Ｔｈｅｏｒｙ　南浅間
3435	セオリー	セオリー　ヤイ
3436	セオリー	セオリー　ニシビワジマチョウイズミ
3437	セオリー	Ｔｈｅｏｒｙ　鳩原
3438	セオリー	Ｔｈｅｏｒｙ　下関
3439	セオリー	セオリー　チョウジャマチ
3440	セオリー	Ｔｈｅｏｒｙ　鷺宮
3441	セオリー	セオリー　カサマ
3442	セオリー	セオリー　タワラヤマ
3443	セオリー	Ｔｈｅｏｒｙ　横町木の下
3444	セオリー	セオリー　ゴクデン
3445	セオリー	Ｔｈｅｏｒｙ　岩倉
3446	セオリー	セオリー　コマツオ
3447	セオリー	セオリー　ナミキシンデン
3448	セオリー	セオリー　トミオカ
3449	セオリー	セオリー　ジョウボウジマチシモノサワ
3450	セオリー	セオリー　カクセン
3451	セオリー	セオリー　セキシバマチミツイ
3452	セオリー	セオリー　ワゴウシンマチ
3453	セオリー	セオリー　ミズサワフダンチョウ
3454	セオリー	Ｔｈｅｏｒｙ　原町田
3455	セオリー	セオリー　アカンチョウトウエイ
3456	セオリー	Ｔｈｅｏｒｙ　鷺山
3457	セオリー	Ｔｈｅｏｒｙ　内浜町
3458	セオリー	セオリー　オトマルマチ
3459	セオリー	Ｔｈｅｏｒｙ　佐々羅
3460	セオリー	セオリー　シントミチョウ
3461	セオリー	Ｔｈｅｏｒｙ　立花町原島
3462	セオリー	Ｔｈｅｏｒｙ　港町
3463	セオリー	セオリー　コセマチ
3464	セオリー	セオリー　トウロ（３２バンチ）
3465	セオリー	Ｔｈｅｏｒｙ　土岐口南町
3466	セオリー	セオリー　ヒガシガクデンニク
3467	セオリー	セオリー　セイカチョウ
3468	セオリー	Ｔｈｅｏｒｙ　上呰部
3469	セオリー	Ｔｈｅｏｒｙ　小柿
3470	セオリー	Ｔｈｅｏｒｙ　芦辺町箱崎釘ノ尾触
3471	セオリー	セオリー　ヒガシタカダチョウ
3472	セオリー	Ｔｈｅｏｒｙ　川田前畑町
3473	セオリー	Ｔｈｅｏｒｙ　西新宿小田急第一生命ビル（１３階）
3474	セオリー	Ｔｈｅｏｒｙ　榊
3475	セオリー	Ｔｈｅｏｒｙ　聖護院東町
3476	セオリー	Ｔｈｅｏｒｙ　宮鼻
3477	セオリー	Ｔｈｅｏｒｙ　双海
3478	セオリー	Ｔｈｅｏｒｙ　奥田本町
3479	セオリー	セオリー　モコト
3480	セオリー	Ｔｈｅｏｒｙ　有田屋町西ノ丁
3481	セオリー	Ｔｈｅｏｒｙ　町保
3482	セオリー	Ｔｈｅｏｒｙ　晒屋
3483	セオリー	Ｔｈｅｏｒｙ　中之島中之島ダイビル（１９階）
3484	セオリー	Ｔｈｅｏｒｙ　奥白方
3485	セオリー	セオリー　ハルドオ
3486	セオリー	Ｔｈｅｏｒｙ　新町
3487	セオリー	Ｔｈｅｏｒｙ　大橋町
3488	セオリー	セオリー　オオヅカ
3489	セオリー	セオリー　シャノヤマ
3490	セオリー	Ｔｈｅｏｒｙ　新田町
3491	セオリー	セオリー　シモガモニシハンギチョウ
3492	セオリー	セオリー　エキマエ
3493	セオリー	セオリー　アミ
3494	セオリー	Ｔｈｅｏｒｙ　中郷町
3495	セオリー	セオリー　ソトヤマ
3496	セオリー	セオリー　ナガミネ
3497	セオリー	Ｔｈｅｏｒｙ　押沢台
3498	セオリー	セオリー　シマナミ
3499	セオリー	Ｔｈｅｏｒｙ　増間
3500	セオリー	セオリー　トヨサトチョウマチウラ
3501	セオリー	Ｔｈｅｏｒｙ　大倉町
3502	セオリー	Ｔｈｅｏｒｙ　船水
3503	セオリー	Ｔｈｅｏｒｙ　大更
3504	セオリー	セオリー　ナガラヤマ
3505	セオリー	Ｔｈｅｏｒｙ　旭町
3506	セオリー	セオリー　フジタ
3507	セオリー	セオリー　クマサカ
3508	セオリー	セオリー　フタミチョウニシ
3509	セオリー	セオリー　オオミヤ
3510	セオリー	Ｔｈｅｏｒｙ　塚田
3511	セオリー	Ｔｈｅｏｒｙ　大野猪ノウツ
3512	セオリー	Ｔｈｅｏｒｙ　向江町
3513	セオリー	セオリー　サバ
3514	セオリー	セオリー　ハラダチョウ
3515	セオリー	Ｔｈｅｏｒｙ　本野町
3516	セオリー	セオリー　ニシ１ジョウキタ
3517	セオリー	セオリー　ヤマゴエ
3518	セオリー	セオリー　スミヨシチョウ
3519	セオリー	セオリー　ヒガシホンマチ
3520	セオリー	セオリー　オオト
3521	セオリー	セオリー　ウズマサウマヅカチョウ
3522	セオリー	セオリー　カミタカノカミアラマキチョウ
3523	セオリー	セオリー　シンナカマチ
3524	セオリー	セオリー　ハイバラカイバ
3525	セオリー	Ｔｈｅｏｒｙ　板屋沢
3526	セオリー	Ｔｈｅｏｒｙ　馬見塚
3527	セオリー	セオリー　ツキヤマチョウ
3528	セオリー	セオリー　アイカワ
3529	セオリー	Ｔｈｅｏｒｙ　佐備
3530	セオリー	セオリー　キタトオリマチ
3531	セオリー	セオリー　イイジマブンキョウチョウ
3532	セオリー	セオリー　ナカゴウクオカザワ
3533	セオリー	Ｔｈｅｏｒｙ　御田
3534	セオリー	セオリー　カホクチョウハギノ
3535	セオリー	Ｔｈｅｏｒｙ　豊洲豊洲センタービル（１４階）
3536	セオリー	Ｔｈｅｏｒｙ　西尼崎町
3537	セオリー	セオリー　ハンザンチョウニシサカモト
3538	セオリー	セオリー　ナルコオンセンナカノ
3539	セオリー	セオリー　シミズチョウ
3540	セオリー	セオリー　ヘイワ
3541	セオリー	Ｔｈｅｏｒｙ　市場
3542	セオリー	セオリー　オイマツ
3543	セオリー	Ｔｈｅｏｒｙ　九番町
3544	セオリー	セオリー　シバタカ
3545	セオリー	Ｔｈｅｏｒｙ　吉岡
3546	セオリー	Ｔｈｅｏｒｙ　青蓮寺
3547	セオリー	Ｔｈｅｏｒｙ　下
3548	セオリー	セオリー　イナバヒヅメ
3549	セオリー	Ｔｈｅｏｒｙ　紫野下御輿町
3550	セオリー	Ｔｈｅｏｒｙ　大坂
3551	セオリー	Ｔｈｅｏｒｙ　南塚口町
3552	セオリー	セオリー　コダイ
3553	セオリー	Ｔｈｅｏｒｙ　並木台
3554	セオリー	Ｔｈｅｏｒｙ　東町
3555	セオリー	セオリー　マチシタ
3556	セオリー	Ｔｈｅｏｒｙ　延町
3557	セオリー	Ｔｈｅｏｒｙ　栗沢町岐阜
3558	セオリー	セオリー　ミヤジマチョウ（サイワイチョウニシハマ）
3559	セオリー	Ｔｈｅｏｒｙ　駅南
3560	セオリー	Ｔｈｅｏｒｙ　雛田
3561	セオリー	セオリー　ナガサカチョウヒノ
3562	セオリー	セオリー　アドガワチョウミナミフナキ
3563	セオリー	Ｔｈｅｏｒｙ　南二条
3564	セオリー	セオリー　ロッポンギイズミガーデンタワー（３３カイ）
3565	セオリー	セオリー　スギノスエ
3566	セオリー	Ｔｈｅｏｒｙ　神埼町田道ケ里
3567	セオリー	セオリー　ヤスダ
3568	セオリー	Ｔｈｅｏｒｙ　上川去
3569	セオリー	セオリー　ヒガシタマガキチョウ
3570	セオリー	Ｔｈｅｏｒｙ　下江戸
3571	セオリー	Ｔｈｅｏｒｙ　上押萩
3572	セオリー	Ｔｈｅｏｒｙ　北今宿
3573	セオリー	Ｔｈｅｏｒｙ　大雄文蔵開
3574	セオリー	セオリー　ヨカワチョウタヤ
3575	セオリー	セオリー　トノマチ
3576	セオリー	セオリー　ジンゴ
3577	セオリー	Ｔｈｅｏｒｙ　西丹波町
3578	セオリー	Ｔｈｅｏｒｙ　小島町
3579	セオリー	セオリー　キトウシニシ
3580	セオリー	セオリー　トミドウチョウ
3581	セオリー	セオリー　ヤマガワオカチヨガミズ
3582	セオリー	Ｔｈｅｏｒｙ　入釜
3583	セオリー	Ｔｈｅｏｒｙ　松崎町
3584	セオリー	セオリー　タイシンマチヤ
3585	セオリー	Ｔｈｅｏｒｙ　山川町春日
3586	セオリー	Ｔｈｅｏｒｙ　峰山町石丸
3587	セオリー	Ｔｈｅｏｒｙ　寺泊当新田
3588	セオリー	Ｔｈｅｏｒｙ　菖蒲
3589	セオリー	Ｔｈｅｏｒｙ　中町
3590	セオリー	Ｔｈｅｏｒｙ　塚原町
3591	セオリー	Ｔｈｅｏｒｙ　東宇塚
3592	セオリー	セオリー　タケブサ（４５１バンチイジョウ）
3593	セオリー	Ｔｈｅｏｒｙ　大芝
3594	セオリー	セオリー　キウリシンデン
3595	セオリー	Ｔｈｅｏｒｙ　三蔵子町
3596	セオリー	セオリー　ヒガシマチ
3597	セオリー	Ｔｈｅｏｒｙ　桜町
3598	セオリー	セオリー　クロザキ
3599	セオリー	Ｔｈｅｏｒｙ　鶴羽美
3600	セオリー	セオリー　ゴロウマル
3601	セオリー	セオリー　サガノロクタンダチョウ
3602	セオリー	セオリー　オコバタニシ
3603	セオリー	セオリー　カミスズヤチョウ
3604	セオリー	セオリー　イチジョウジサトノマエチョウ
3605	セオリー	Ｔｈｅｏｒｙ　柏崎
3606	セオリー	Ｔｈｅｏｒｙ　仲之町
3607	セオリー	Ｔｈｅｏｒｙ　梨ケ原
3608	セオリー	Ｔｈｅｏｒｙ　津島町北灘丁（大日提、小日提）
3609	セオリー	Ｔｈｅｏｒｙ　明智町（本町）
3610	セオリー	セオリー　イモトチョウ
3611	セオリー	Ｔｈｅｏｒｙ　河原町
3612	セオリー	セオリー　カワウラチョウ
3613	セオリー	セオリー　ヨナモチマチ
3614	セオリー	Ｔｈｅｏｒｙ　青谷町早牛
3615	セオリー	セオリー　ゴリョウタニマチ
3616	セオリー	Ｔｈｅｏｒｙ　丸山
3617	セオリー	Ｔｈｅｏｒｙ　城見松下ＩＭＰビル（地階・階層不明）
3618	セオリー	セオリー　カワベマチ
3619	セオリー	Ｔｈｅｏｒｙ　下茨田
3620	セオリー	Ｔｈｅｏｒｙ　旭が丘
3621	セオリー	セオリー　イイザカマチヒガシユノ
3622	セオリー	Ｔｈｅｏｒｙ　西馬場尻
3623	ユニクロ　ジーユー　オンライン	ユニクロ　ジーユー　オンライン　アリタマニシマチ
3624	ユニクロ　ジーユー　オンライン	ユニクロ　ジーユー　オンライン　アサヒチョウ
3625	ユニクロ　ジーユー　オンライン	ＵＮＩＱＬＯ　ＧＵ　ＯＮＬＩＮＥ　上分甲
3626	ユニクロ　ジーユー　オンライン	ＵＮＩＱＬＯ　ＧＵ　ＯＮＬＩＮＥ　鳩原
3627	ユニクロ　ジーユー　オンライン	ＵＮＩＱＬＯ　ＧＵ　ＯＮＬＩＮＥ　下谷（下谷二区）
3628	ユニクロ　ジーユー　オンライン	ＵＮＩＱＬＯ　ＧＵ　ＯＮＬＩＮＥ　大川町駒鳴
3629	ユニクロ　ジーユー　オンライン	ユニクロ　ジーユー　オンライン　マチ
3630	ユニクロ　ジーユー　オンライン	ユニクロ　ジーユー　オンライン　チュウオウチョウ
3631	ユニクロ　ジーユー　オンライン	ＵＮＩＱＬＯ　ＧＵ　ＯＮＬＩＮＥ　大井戸町
3632	ユニクロ　ジーユー　オンライン	ユニクロ　ジーユー　オンライン　ニシガタ（シタタ）
3633	ユニクロ　ジーユー　オンライン	ユニクロ　ジーユー　オンライン　ウシロクボ
3634	ユニクロ　ジーユー　オンライン	ＵＮＩＱＬＯ　ＧＵ　ＯＮＬＩＮＥ　志方免
3635	ユニクロ　ジーユー　オンライン	ＵＮＩＱＬＯ　ＧＵ　ＯＮＬＩＮＥ　吉田町吉田
3636	ユニクロ　ジーユー　オンライン	ユニクロ　ジーユー　オンライン　マツオカニシノナカ
3637	ユニクロ　ジーユー　オンライン	ユニクロ　ジーユー　オンライン　チカラ
3638	ユニクロ　ジーユー　オンライン	ＵＮＩＱＬＯ　ＧＵ　ＯＮＬＩＮＥ　栗林町
3639	ユニクロ　ジーユー　オンライン	ユニクロ　ジーユー　オンライン　ゲイン
3640	ユニクロ　ジーユー　オンライン	ユニクロ　ジーユー　オンライン　キタカタマチスゲバル
3641	ユニクロ　ジーユー　オンライン	ユニクロ　ジーユー　オンライン　タマモトチョウ
3642	ユニクロ　ジーユー　オンライン	ＵＮＩＱＬＯ　ＧＵ　ＯＮＬＩＮＥ　角館町下新町
3643	ユニクロ　ジーユー　オンライン	ユニクロ　ジーユー　オンライン　タロウマルシンヤシキ
3644	ユニクロ　ジーユー　オンライン	ユニクロ　ジーユー　オンライン　カワシマアワタチョウ
3645	ユニクロ　ジーユー　オンライン	ユニクロ　ジーユー　オンライン　シオミチョウ
3646	ユニクロ　ジーユー　オンライン	ユニクロ　ジーユー　オンライン　ドアイマチ
3647	ユニクロ　ジーユー　オンライン	ＵＮＩＱＬＯ　ＧＵ　ＯＮＬＩＮＥ　松屋町
3648	ユニクロ　ジーユー　オンライン	ユニクロ　ジーユー　オンライン　サカイマチ
3649	ユニクロ　ジーユー　オンライン	ＵＮＩＱＬＯ　ＧＵ　ＯＮＬＩＮＥ　小松台西
3650	ユニクロ　ジーユー　オンライン	ＵＮＩＱＬＯ　ＧＵ　ＯＮＬＩＮＥ　津志田
3651	ユニクロ　ジーユー　オンライン	ユニクロ　ジーユー　オンライン　キタウラ
3652	ユニクロ　ジーユー　オンライン	ユニクロ　ジーユー　オンライン　ユノオマチ
3653	ユニクロ　ジーユー　オンライン	ユニクロ　ジーユー　オンライン　ハマサカ
3654	ユニクロ　ジーユー　オンライン	ＵＮＩＱＬＯ　ＧＵ　ＯＮＬＩＮＥ　井倉新町
3655	ユニクロ　ジーユー　オンライン	ユニクロ　ジーユー　オンライン　イマミツ
3656	ユニクロ　ジーユー　オンライン	ＵＮＩＱＬＯ　ＧＵ　ＯＮＬＩＮＥ　明神前
3657	ユニクロ　ジーユー　オンライン	ＵＮＩＱＬＯ　ＧＵ　ＯＮＬＩＮＥ　伊集院町大田（久木野々石塚）
3658	ユニクロ　ジーユー　オンライン	ユニクロ　ジーユー　オンライン　ミツヤチョウ
3659	ユニクロ　ジーユー　オンライン	ユニクロ　ジーユー　オンライン　タイ
3660	ユニクロ　ジーユー　オンライン	ＵＮＩＱＬＯ　ＧＵ　ＯＮＬＩＮＥ　浜新田
3661	ユニクロ　ジーユー　オンライン	ＵＮＩＱＬＯ　ＧＵ　ＯＮＬＩＮＥ　京北下黒田町
3662	ユニクロ　ジーユー　オンライン	ＵＮＩＱＬＯ　ＧＵ　ＯＮＬＩＮＥ　仲町
3663	ユニクロ　ジーユー　オンライン	ＵＮＩＱＬＯ　ＧＵ　ＯＮＬＩＮＥ　水口
3664	ユニクロ　ジーユー　オンライン	ＵＮＩＱＬＯ　ＧＵ　ＯＮＬＩＮＥ　小松原町
3665	ユニクロ　ジーユー　オンライン	ユニクロ　ジーユー　オンライン　コウナミ
3666	ユニクロ　ジーユー　オンライン	ＵＮＩＱＬＯ　ＧＵ　ＯＮＬＩＮＥ　岡出
3667	ユニクロ　ジーユー　オンライン	ＵＮＩＱＬＯ　ＧＵ　ＯＮＬＩＮＥ　鳥浜
3668	ユニクロ　ジーユー　オンライン	ユニクロ　ジーユー　オンライン　スナマチ
3669	ユニクロ　ジーユー　オンライン	ＵＮＩＱＬＯ　ＧＵ　ＯＮＬＩＮＥ　本郷町本谷
3670	ユニクロ　ジーユー　オンライン	ＵＮＩＱＬＯ　ＧＵ　ＯＮＬＩＮＥ　長谷町
3671	ユニクロ　ジーユー　オンライン	ＵＮＩＱＬＯ　ＧＵ　ＯＮＬＩＮＥ　志津留
3672	ユニクロ　ジーユー　オンライン	ユニクロ　ジーユー　オンライン　センダイ
3673	ユニクロ　ジーユー　オンライン	ＵＮＩＱＬＯ　ＧＵ　ＯＮＬＩＮＥ　今里
3674	ユニクロ　ジーユー　オンライン	ユニクロ　ジーユー　オンライン　タカミヤチョウボウゴ
3675	ユニクロ　ジーユー　オンライン	ＵＮＩＱＬＯ　ＧＵ　ＯＮＬＩＮＥ　網島町
3676	ユニクロ　ジーユー　オンライン	ユニクロ　ジーユー　オンライン　ツクタイエノマエ
3677	ユニクロ　ジーユー　オンライン	ＵＮＩＱＬＯ　ＧＵ　ＯＮＬＩＮＥ　加茂町観音寺
3678	ユニクロ　ジーユー　オンライン	ＵＮＩＱＬＯ　ＧＵ　ＯＮＬＩＮＥ　天祐団地
3679	ユニクロ　ジーユー　オンライン	ＵＮＩＱＬＯ　ＧＵ　ＯＮＬＩＮＥ　海外町
3680	ユニクロ　ジーユー　オンライン	ＵＮＩＱＬＯ　ＧＵ　ＯＮＬＩＮＥ　神和台
3681	ユニクロ　ジーユー　オンライン	ユニクロ　ジーユー　オンライン　イシデラチョウ
3682	ユニクロ　ジーユー　オンライン	ＵＮＩＱＬＯ　ＧＵ　ＯＮＬＩＮＥ　本野町
3683	ユニクロ　ジーユー　オンライン	ＵＮＩＱＬＯ　ＧＵ　ＯＮＬＩＮＥ　硯町
3684	ユニクロ　ジーユー　オンライン	ＵＮＩＱＬＯ　ＧＵ　ＯＮＬＩＮＥ　樫月
3685	ユニクロ　ジーユー　オンライン	ＵＮＩＱＬＯ　ＧＵ　ＯＮＬＩＮＥ　大東町遠所
3686	ユニクロ　ジーユー　オンライン	ユニクロ　ジーユー　オンライン　クグリキ
3687	ユニクロ　ジーユー　オンライン	ＵＮＩＱＬＯ　ＧＵ　ＯＮＬＩＮＥ　荒武
3688	ユニクロ　ジーユー　オンライン	ユニクロ　ジーユー　オンライン　ホウリュウマチマワタリ
3689	ユニクロ　ジーユー　オンライン	ユニクロ　ジーユー　オンライン　ヒカミチョウヒカミ
3690	ユニクロ　ジーユー　オンライン	ＵＮＩＱＬＯ　ＧＵ　ＯＮＬＩＮＥ　星鹿町青島免
3691	ユニクロ　ジーユー　オンライン	ユニクロ　ジーユー　オンライン　シラスナチョウ
3692	ユニクロ　ジーユー　オンライン	ＵＮＩＱＬＯ　ＧＵ　ＯＮＬＩＮＥ　千田
3693	ユニクロ　ジーユー　オンライン	ユニクロ　ジーユー　オンライン　ヤカタマチ
3694	ユニクロ　ジーユー　オンライン	ＵＮＩＱＬＯ　ＧＵ　ＯＮＬＩＮＥ　大新田
3695	ユニクロ　ジーユー　オンライン	ＵＮＩＱＬＯ　ＧＵ　ＯＮＬＩＮＥ　諏訪前
3696	ユニクロ　ジーユー　オンライン	ユニクロ　ジーユー　オンライン　ハヤシヤマチョウ
3697	ユニクロ　ジーユー　オンライン	ユニクロ　ジーユー　オンライン　シミズチョウ
3698	ユニクロ　ジーユー　オンライン	ユニクロ　ジーユー　オンライン　ゴウド
3699	ユニクロ　ジーユー　オンライン	ユニクロ　ジーユー　オンライン　トヨサカチョウノウラ
3700	ユニクロ　ジーユー　オンライン	ユニクロ　ジーユー　オンライン　キノシタ
3701	ユニクロ　ジーユー　オンライン	ＵＮＩＱＬＯ　ＧＵ　ＯＮＬＩＮＥ　西新宿新宿三井ビル（地階・階層
3702	ユニクロ　ジーユー　オンライン	ユニクロ　ジーユー　オンライン　イワカミチョウ
3703	ユニクロ　ジーユー　オンライン	ＵＮＩＱＬＯ　ＧＵ　ＯＮＬＩＮＥ　中央アエル（６階）
3704	ユニクロ　ジーユー　オンライン	ユニクロ　ジーユー　オンライン　ヤマナワシロ
3705	ユニクロ　ジーユー　オンライン	ユニクロ　ジーユー　オンライン　アキル
3706	ユニクロ　ジーユー　オンライン	ＵＮＩＱＬＯ　ＧＵ　ＯＮＬＩＮＥ　手賀野
3707	ユニクロ　ジーユー　オンライン	ユニクロ　ジーユー　オンライン　タカハギヒガシ
3708	ユニクロ　ジーユー　オンライン	ユニクロ　ジーユー　オンライン　ミョウタイジマチ
3709	ユニクロ　ジーユー　オンライン	ＵＮＩＱＬＯ　ＧＵ　ＯＮＬＩＮＥ　羽拍子町
3710	ユニクロ　ジーユー　オンライン	ＵＮＩＱＬＯ　ＧＵ　ＯＮＬＩＮＥ　立石
3711	ユニクロ　ジーユー　オンライン	ＵＮＩＱＬＯ　ＧＵ　ＯＮＬＩＮＥ　戸田
3712	ユニクロ　ジーユー　オンライン	ユニクロ　ジーユー　オンライン　ババヤマミドリ
3713	ユニクロ　ジーユー　オンライン	ユニクロ　ジーユー　オンライン　イシダ
3714	ユニクロ　ジーユー　オンライン	ユニクロ　ジーユー　オンライン　カイモリ
3715	ユニクロ　ジーユー　オンライン	ＵＮＩＱＬＯ　ＧＵ　ＯＮＬＩＮＥ　保原町西町
3716	ユニクロ　ジーユー　オンライン	ユニクロ　ジーユー　オンライン　カンノウ
3717	ユニクロ　ジーユー　オンライン	ＵＮＩＱＬＯ　ＧＵ　ＯＮＬＩＮＥ　道場町平田
3718	ユニクロ　ジーユー　オンライン	ＵＮＩＱＬＯ　ＧＵ　ＯＮＬＩＮＥ　名瀬伊津部勝
3719	ユニクロ　ジーユー　オンライン	ユニクロ　ジーユー　オンライン　タシロチョウ
3720	ユニクロ　ジーユー　オンライン	ＵＮＩＱＬＯ　ＧＵ　ＯＮＬＩＮＥ　日進町
3721	ユニクロ　ジーユー　オンライン	ユニクロ　ジーユー　オンライン　アカノ
3722	ユニクロ　ジーユー　オンライン	ユニクロ　ジーユー　オンライン　マチヤ
3723	ユニクロ　ジーユー　オンライン	ＵＮＩＱＬＯ　ＧＵ　ＯＮＬＩＮＥ　風田
3724	ユニクロ　ジーユー　オンライン	ＵＮＩＱＬＯ　ＧＵ　ＯＮＬＩＮＥ　緒方町越生
3725	ユニクロ　ジーユー　オンライン	ユニクロ　ジーユー　オンライン　フタマタシンマチ
3726	ユニクロ　ジーユー　オンライン	ＵＮＩＱＬＯ　ＧＵ　ＯＮＬＩＮＥ　興南町
3727	ユニクロ　ジーユー　オンライン	ＵＮＩＱＬＯ　ＧＵ　ＯＮＬＩＮＥ　湊坂
3728	ユニクロ　ジーユー　オンライン	ＵＮＩＱＬＯ　ＧＵ　ＯＮＬＩＮＥ　長坂町
3729	ユニクロ　ジーユー　オンライン	ＵＮＩＱＬＯ　ＧＵ　ＯＮＬＩＮＥ　豊田町金道
3730	ユニクロ　ジーユー　オンライン	ユニクロ　ジーユー　オンライン　カキザキクエジマシンデン
3731	ユニクロ　ジーユー　オンライン	ＵＮＩＱＬＯ　ＧＵ　ＯＮＬＩＮＥ　新井宿
3732	ユニクロ　ジーユー　オンライン	ユニクロ　ジーユー　オンライン　オンベツチョウフウレン
3733	ユニクロ　ジーユー　オンライン	ＵＮＩＱＬＯ　ＧＵ　ＯＮＬＩＮＥ　中村東町
3734	ユニクロ　ジーユー　オンライン	ユニクロ　ジーユー　オンライン　ヒガシヒラジマ
3735	ユニクロ　ジーユー　オンライン	ユニクロ　ジーユー　オンライン　フクモトチョウ
3736	ユニクロ　ジーユー　オンライン	ＵＮＩＱＬＯ　ＧＵ　ＯＮＬＩＮＥ　松本
3737	ユニクロ　ジーユー　オンライン	ユニクロ　ジーユー　オンライン　シモトバナカサンチョウ
3738	ユニクロ　ジーユー　オンライン	ＵＮＩＱＬＯ　ＧＵ　ＯＮＬＩＮＥ　杉野原
3739	ユニクロ　ジーユー　オンライン	ユニクロ　ジーユー　オンライン　モトイチバ
3740	ユニクロ　ジーユー　オンライン	ＵＮＩＱＬＯ　ＧＵ　ＯＮＬＩＮＥ　別所町
3741	ユニクロ　ジーユー　オンライン	ＵＮＩＱＬＯ　ＧＵ　ＯＮＬＩＮＥ　本郷前川原
3742	ユニクロ　ジーユー　オンライン	ユニクロ　ジーユー　オンライン　ダイモンチョウ
3743	ユニクロ　ジーユー　オンライン	ユニクロ　ジーユー　オンライン　カミエベツ
3744	ユニクロ　ジーユー　オンライン	ＵＮＩＱＬＯ　ＧＵ　ＯＮＬＩＮＥ　川島粟田町
3745	ユニクロ　ジーユー　オンライン	ＵＮＩＱＬＯ　ＧＵ　ＯＮＬＩＮＥ　山ノ内
3746	ユニクロ　ジーユー　オンライン	ユニクロ　ジーユー　オンライン　ワカクサドオリ
3747	ユニクロ　ジーユー　オンライン	ＵＮＩＱＬＯ　ＧＵ　ＯＮＬＩＮＥ　衣川懸田
3748	ユニクロ　ジーユー　オンライン	ユニクロ　ジーユー　オンライン　マバセ
3749	ユニクロ　ジーユー　オンライン	ユニクロ　ジーユー　オンライン　ウラガワラクインナイ
3750	ユニクロ　ジーユー　オンライン	ユニクロ　ジーユー　オンライン　マツザカチョウ
3751	ユニクロ　ジーユー　オンライン	ユニクロ　ジーユー　オンライン　タカシミズテイシンメイ
3752	ユニクロ　ジーユー　オンライン	ユニクロ　ジーユー　オンライン　ミズサワタクミダ
3753	ユニクロ　ジーユー　オンライン	ＵＮＩＱＬＯ　ＧＵ　ＯＮＬＩＮＥ　久美浜町仲町
3754	ユニクロ　ジーユー　オンライン	ユニクロ　ジーユー　オンライン　コシドノチョウ
3755	ユニクロ　ジーユー　オンライン	ユニクロ　ジーユー　オンライン　カミ
3756	ユニクロ　ジーユー　オンライン	ユニクロ　ジーユー　オンライン　カグチウラ
3757	ユニクロ　ジーユー　オンライン	ユニクロ　ジーユー　オンライン　ウエダチョウ
3758	ユニクロ　ジーユー　オンライン	ＵＮＩＱＬＯ　ＧＵ　ＯＮＬＩＮＥ　見町
3759	ユニクロ　ジーユー　オンライン	ＵＮＩＱＬＯ　ＧＵ　ＯＮＬＩＮＥ　下津穂所町
3760	ユニクロ　ジーユー　オンライン	ユニクロ　ジーユー　オンライン　タケヤ
3761	ユニクロ　ジーユー　オンライン	ＵＮＩＱＬＯ　ＧＵ　ＯＮＬＩＮＥ　丸の内グラントウキョウサウスタ
3762	ユニクロ　ジーユー　オンライン	ＵＮＩＱＬＯ　ＧＵ　ＯＮＬＩＮＥ　相川
3763	ユニクロ　ジーユー　オンライン	ＵＮＩＱＬＯ　ＧＵ　ＯＮＬＩＮＥ　北村
3764	ユニクロ　ジーユー　オンライン	ＵＮＩＱＬＯ　ＧＵ　ＯＮＬＩＮＥ　南鎌ケ谷
3765	ユニクロ　ジーユー　オンライン	ＵＮＩＱＬＯ　ＧＵ　ＯＮＬＩＮＥ　若木町南
3766	ユニクロ　ジーユー　オンライン	ユニクロ　ジーユー　オンライン　シマサキ
3767	ユニクロ　ジーユー　オンライン	ＵＮＩＱＬＯ　ＧＵ　ＯＮＬＩＮＥ　徳定
3768	ユニクロ　ジーユー　オンライン	ユニクロ　ジーユー　オンライン　オオハラグチツキヌケチョウ
3769	ユニクロ　ジーユー　オンライン	ＵＮＩＱＬＯ　ＧＵ　ＯＮＬＩＮＥ　出来島本町
3770	ユニクロ　ジーユー　オンライン	ＵＮＩＱＬＯ　ＧＵ　ＯＮＬＩＮＥ　袋町
3771	ユニクロ　ジーユー　オンライン	ユニクロ　ジーユー　オンライン　タミナ
3772	ユニクロ　ジーユー　オンライン	ＵＮＩＱＬＯ　ＧＵ　ＯＮＬＩＮＥ　太子町
3773	ユニクロ　ジーユー　オンライン	ユニクロ　ジーユー　オンライン　チャナイヒガシ３セン
3774	ユニクロ　ジーユー　オンライン	ユニクロ　ジーユー　オンライン　アカシナナカガワテ
3775	ユニクロ　ジーユー　オンライン	ユニクロ　ジーユー　オンライン　ココオゲ
3776	ユニクロ　ジーユー　オンライン	ＵＮＩＱＬＯ　ＧＵ　ＯＮＬＩＮＥ　名取
3777	ユニクロ　ジーユー　オンライン	ＵＮＩＱＬＯ　ＧＵ　ＯＮＬＩＮＥ　大塚高岩
3778	ユニクロ　ジーユー　オンライン	ユニクロ　ジーユー　オンライン　ワカサクナイ
3779	ユニクロ　ジーユー　オンライン	ユニクロ　ジーユー　オンライン　ソトヤマ
3780	ユニクロ　ジーユー　オンライン	ユニクロ　ジーユー　オンライン　アイサワ
3781	ユニクロ　ジーユー　オンライン	ＵＮＩＱＬＯ　ＧＵ　ＯＮＬＩＮＥ　丸の内丸の内パークビルディング
3782	ユニクロ　ジーユー　オンライン	ユニクロ　ジーユー　オンライン　カミガモタカナワテチョウ
3783	ユニクロ　ジーユー　オンライン	ユニクロ　ジーユー　オンライン　ヤザコナカネバラ
3784	ユニクロ　ジーユー　オンライン	ユニクロ　ジーユー　オンライン　イエシロ
3785	ユニクロ　ジーユー　オンライン	ＵＮＩＱＬＯ　ＧＵ　ＯＮＬＩＮＥ　春江町中庄
3786	ユニクロ　ジーユー　オンライン	ＵＮＩＱＬＯ　ＧＵ　ＯＮＬＩＮＥ　十二道島
3787	ユニクロ　ジーユー　オンライン	ユニクロ　ジーユー　オンライン　ニイサトチョウコバヤシ
3788	ユニクロ　ジーユー　オンライン	ユニクロ　ジーユー　オンライン　アンサイ
3789	ユニクロ　ジーユー　オンライン	ユニクロ　ジーユー　オンライン　マツオカ
3790	ユニクロ　ジーユー　オンライン	ＵＮＩＱＬＯ　ＧＵ　ＯＮＬＩＮＥ　東新橋電通本社ビル（２１階）
3791	ユニクロ　ジーユー　オンライン	ユニクロ　ジーユー　オンライン　ヨシハラマチ
3792	ユニクロ　ジーユー　オンライン	ユニクロ　ジーユー　オンライン　ニシオヤノイ
3793	ユニクロ　ジーユー　オンライン	ＵＮＩＱＬＯ　ＧＵ　ＯＮＬＩＮＥ　福吉
3794	ユニクロ　ジーユー　オンライン	ＵＮＩＱＬＯ　ＧＵ　ＯＮＬＩＮＥ　中島町
3795	ユニクロ　ジーユー　オンライン	ＵＮＩＱＬＯ　ＧＵ　ＯＮＬＩＮＥ　保原町大泉
3796	ユニクロ　ジーユー　オンライン	ＵＮＩＱＬＯ　ＧＵ　ＯＮＬＩＮＥ　中津川
3797	ユニクロ　ジーユー　オンライン	ＵＮＩＱＬＯ　ＧＵ　ＯＮＬＩＮＥ　大宮町
3798	ユニクロ　ジーユー　オンライン	ＵＮＩＱＬＯ　ＧＵ　ＯＮＬＩＮＥ　榴ケ岡
3799	ユニクロ　ジーユー　オンライン	ユニクロ　ジーユー　オンライン　コヤマチョウ
3800	ユニクロ　ジーユー　オンライン	ユニクロ　ジーユー　オンライン　ガンバラ
3801	ユニクロ　ジーユー　オンライン	ＵＮＩＱＬＯ　ＧＵ　ＯＮＬＩＮＥ　山岡町下手向
3802	ユニクロ　ジーユー　オンライン	ユニクロ　ジーユー　オンライン　ウエノマチ
3803	ユニクロ　ジーユー　オンライン	ＵＮＩＱＬＯ　ＧＵ　ＯＮＬＩＮＥ　霞町
3804	ユニクロ　ジーユー　オンライン	ユニクロ　ジーユー　オンライン　ヨシカワ
3805	ユニクロ　ジーユー　オンライン	ユニクロ　ジーユー　オンライン　アンギョウデワ
3806	ユニクロ　ジーユー　オンライン	ＵＮＩＱＬＯ　ＧＵ　ＯＮＬＩＮＥ　平町
3807	ユニクロ　ジーユー　オンライン	ユニクロ　ジーユー　オンライン　シイタカハダイ
3808	ユニクロ　ジーユー　オンライン	ＵＮＩＱＬＯ　ＧＵ　ＯＮＬＩＮＥ　渋谷渋谷スクランブルスクエア（
3809	ユニクロ　ジーユー　オンライン	ユニクロ　ジーユー　オンライン　レンペイチョウ
3810	ユニクロ　ジーユー　オンライン	ユニクロ　ジーユー　オンライン　カワカミチョウ
3811	ユニクロ　ジーユー　オンライン	ＵＮＩＱＬＯ　ＧＵ　ＯＮＬＩＮＥ　上郷上田乙（３２４４～３７５０
3812	ユニクロ　ジーユー　オンライン	ＵＮＩＱＬＯ　ＧＵ　ＯＮＬＩＮＥ　船水
3813	ユニクロ　ジーユー　オンライン	ＵＮＩＱＬＯ　ＧＵ　ＯＮＬＩＮＥ　上曽根
3814	ユニクロ　ジーユー　オンライン	ＵＮＩＱＬＯ　ＧＵ　ＯＮＬＩＮＥ　長嶺
3815	ユニクロ　ジーユー　オンライン	ユニクロ　ジーユー　オンライン　ウシオムラ
3816	ユニクロ　ジーユー　オンライン	ユニクロ　ジーユー　オンライン　シモヤマ
3817	ユニクロ　ジーユー　オンライン	ユニクロ　ジーユー　オンライン　チュウオウ
3818	ユニクロ　ジーユー　オンライン	ＵＮＩＱＬＯ　ＧＵ　ＯＮＬＩＮＥ　熊坂
3819	ユニクロ　ジーユー　オンライン	ユニクロ　ジーユー　オンライン　ウエズ
3820	ユニクロ　ジーユー　オンライン	ユニクロ　ジーユー　オンライン　マツダテイノウエ
